id,locality,orgname,created_at,normalized_locality
1,ANTIE AKU,Weija,2025-07-27T17:02:30.163293,
2,A LAND,Weija,2025-07-27T17:02:30.163246,A LAND
3,A/94 NYAFOMAN,Weija,2025-07-27T17:02:30.162970,A/94 NYAFOMAN
4,ABEKA,Weija,2025-07-27T17:02:30.162984,ABEKA
5,ABEKA ABOTARE JUNCTION,Weija,2025-07-27T17:02:30.162987,ABEKA ABOTARE
6,ABEKA LAPAZ,Weija,2025-07-27T17:02:30.162989,ABEKA LAPAZ
7,"ABETIFI
NEAR THE RAMSEYER CHURCH
CQ 16",Weija,2025-07-27T17:02:30.162991,ABETIFI
8,ABLAKUMA,Weija,2025-07-27T17:02:30.162993,ABLAKUMA
9,ABLEKUAMH-FAN MILK,Weija,2025-07-27T17:02:30.162995,ABLEKUAMH FAN MILK
10,ABLEKUIMA,Weija,2025-07-27T17:02:30.162997,ABLEKUIMA
11,ABLEKUMA,Weija,2025-07-27T17:02:30.163008,ABLEKUMA
12,ABLEKUMA ABASE,Weija,2025-07-27T17:02:30.163011,ABLEKUMA ABASE
13,"ABLEKUMA
ABEASE",Weija,2025-07-27T17:02:30.163015,ABLEKUMA ABEASE
14,ABLEKUMA   AGAPE,Weija,2025-07-27T17:02:30.163020,ABLEKUMA AGAPE
15,"ABLEKUMA
AGAPE DOWN",Weija,2025-07-27T17:02:30.163030,ABLEKUMA AGAPE DOWN
16,ABLEKUMA ANYAA,Weija,2025-07-27T17:02:30.163039,ABLEKUMA ANYAA
17,ABLEKUMA BORKOBOKOR,Weija,2025-07-27T17:02:30.163040,ABLEKUMA BORKOBOKOR
18,"ABLEKUMA
CP",Weija,2025-07-27T17:02:30.163043,ABLEKUMA CP
19,"ABLEKUMA , CURVE",Weija,2025-07-27T17:02:30.163048,ABLEKUMA CURVE
20,ABLEKUMA  -FAN  MILK,Weija,2025-07-27T17:02:30.163053,ABLEKUMA FAN MILK
21,"ABLEKUMA
FANMILK",Weija,2025-07-27T17:02:30.163052,ABLEKUMA FANMILK
22,ABLEKUMA FUN MILK,Weija,2025-07-27T17:02:30.163066,ABLEKUMA FUN MILK
23,ABLEKUMA FUNMILK,Weija,2025-07-27T17:02:30.163069,ABLEKUMA FUNMILK
24,ABLEKUMA GOMA,Weija,2025-07-27T17:02:30.163078,ABLEKUMA GOMA
25,"ABLEKUMA
JOMA",Weija,2025-07-27T17:02:30.163093,ABLEKUMA JOMA
26,"ABLEKUMA
MANHEAN",Weija,2025-07-27T17:02:30.163097,ABLEKUMA MANHEAN
27,ABLEKUMA-MANHIA,Weija,2025-07-27T17:02:30.163100,ABLEKUMA MANHIA
28,ABLEKUMA MANHIA AFUAMAN,Weija,2025-07-27T17:02:30.163101,ABLEKUMA MANHIA AFUAMAN
29,ABLEKUMA NIC,Weija,2025-07-27T17:02:30.163122,ABLEKUMA NIC
30,"ABLEKUMA
NSAKINA",Weija,2025-07-27T17:02:30.163129,ABLEKUMA NSAKINA
31,ABLEKUMA -ODUMA,Weija,2025-07-27T17:02:30.163133,ABLEKUMA ODUMA
32,ABLEKUMA ODUMASE,Weija,2025-07-27T17:02:30.163135,ABLEKUMA ODUMASE
33,ABLEKUMA OLABU,Weija,2025-07-27T17:02:30.163138,ABLEKUMA OLABU
34,"ABLEKUMA
OLEBU",Weija,2025-07-27T17:02:30.163140,ABLEKUMA OLEBU
35,ABLEKUMA OMANJOR,Weija,2025-07-27T17:02:30.163150,ABLEKUMA OMANJOR
36,"ABLEKUMA
PENTECOST JUNCTION",Weija,2025-07-27T17:02:30.163157,ABLEKUMA PENTECOST
37,ABLEKUMA VURVE,Weija,2025-07-27T17:02:30.163162,ABLEKUMA VURVE
38,ablekuman agape,Weija,2025-07-27T17:02:30.163111,ABLEKUMA agape
39,"ablekuman
fan milk",Weija,2025-07-27T17:02:30.163115,ABLEKUMA fan milk
40,ablekuman nic,Weija,2025-07-27T17:02:30.163126,ABLEKUMA nic
41,ABLKEUMA,Weija,2025-07-27T17:02:30.163164,ABLKEUMA
42,ABOKOBI,Weija,2025-07-27T17:02:30.163165,ABOKOBI
43,ABURA,Weija,2025-07-27T17:02:30.163167,ABURA
44,ACC,Weija,2025-07-27T17:02:30.163172,ACC
45,ACCRA,Weija,2025-07-27T17:02:30.163173,ACCRA
46,ACCRA NEW TOWN,Weija,2025-07-27T17:02:30.163177,ACCRA NEW TOWN
47,ACCRA O6,Weija,2025-07-27T17:02:30.163178,ACCRA O6
48,ACCRA ODKOR,Weija,2025-07-27T17:02:30.163180,ACCRA ODKOR
49,ACCRA-WEIJA GBAWE,Weija,2025-07-27T17:02:30.163182,ACCRA WEIJA GBAWE
50,ACHIMOTA,Weija,2025-07-27T17:02:30.163183,ACHIMOTA
51,ACHIMOTA TANTRA HILL,Weija,2025-07-27T17:02:30.163195,ACHIMOTA TANTRA HILL
52,ADA,Weija,2025-07-27T17:02:30.163199,ADA
53,ADABRAKA,Weija,2025-07-27T17:02:30.163201,ADABRAKA
54,ADABRAKA AHINAPA ROAD,Weija,2025-07-27T17:02:30.163203,ADABRAKA AHINAPA ROAD
55,ADAM NANA,Weija,2025-07-27T17:02:30.163205,ADAM NANA
56,ADANSEMAN,Weija,2025-07-27T17:02:30.163206,ADANSEMAN
57,ADEASU,Weija,2025-07-27T17:02:30.163208,ADEASU
58,ADJEIKOTOKU NSAWAM ROAD,Weija,2025-07-27T17:02:30.163210,ADJEIKOTOKU NSAWAM ROAD
59,ADOM ESTATE,Weija,2025-07-27T17:02:30.163211,ADOM
60,"ADUMASE
AMANFRO",Weija,2025-07-27T17:02:30.163213,ADUMASE AMANFRO
61,AFOAMAN,Weija,2025-07-27T17:02:30.163215,AFOAMAN
62,AGAPA - ABLEKUMAH,Weija,2025-07-27T17:02:30.163217,AGAPA ABLEKUMAH
63,AGAPE,Weija,2025-07-27T17:02:30.163218,AGAPE
64,AGAPE 2ND CONTAINER,Weija,2025-07-27T17:02:30.163222,AGAPE 2ND CONTAINER
65,"AGAPE
DOWN",Weija,2025-07-27T17:02:30.163226,AGAPE DOWN
66,AGBOGBA,Weija,2025-07-27T17:02:30.163229,AGBOGBA
67,"AGLO FARMS -
TUBA",Weija,2025-07-27T17:02:30.163231,AGLO FARMS TUBA
68,AGONA KOYAKO,Weija,2025-07-27T17:02:30.163233,AGONA KOYAKO
69,AGONA KWANYAKO BUNGALOW,Weija,2025-07-27T17:02:30.163235,AGONA KWANYAKO BUNGALOW
70,"AGONA SWEDRU, MAHONDWE",Weija,2025-07-27T17:02:30.163236,AGONA SWEDRU MAHONDWE
71,AHYIA,Weija,2025-07-27T17:02:30.163238,AHYIA
72,AKAWE,Weija,2025-07-27T17:02:30.163240,AKAWE
73,AKOTI NEAR PENTECOST CHURCH,Weija,2025-07-27T17:02:30.163241,AKOTI NEAR PENTECOST
74,AKWATEMAN,Weija,2025-07-27T17:02:30.163243,AKWATEMAN
75,AKWELEY NEW TOWN,Weija,2025-07-27T17:02:30.163245,AKWELEY NEW TOWN
76,"ALIU MAHAMA ROAD
DANSOMAN",Weija,2025-07-27T17:02:30.163248,ALIU MAHAMA ROAD DANSOMAN
77,AMAFROM - KASOA,Weija,2025-07-27T17:02:30.163252,AMAFROM KASOA
78,AMANFRO,Weija,2025-07-27T17:02:30.163257,AMANFRO
79,AMANFRO-RIVER SIDE,Weija,2025-07-27T17:02:30.163276,AMANFRO RIVER SIDE
80,"AMANFRO , TOP TOWN",Weija,2025-07-27T17:02:30.163278,AMANFRO TOP TOWN
81,AMANFROM,Weija,2025-07-27T17:02:30.163264,AMANFROM
82,AMANFROM KALABULEY,Weija,2025-07-27T17:02:30.163268,AMANFROM KALABULEY
83,"AMANFROM
TOP TOWN",Weija,2025-07-27T17:02:30.163270,AMANFROM TOP TOWN
84,"AMANFROM
ZONGO",Weija,2025-07-27T17:02:30.163275,AMANFROM ZONGO
85,AMANJOR,Weija,2025-07-27T17:02:30.163280,AMANJOR
86,AMASAMAN,Weija,2025-07-27T17:02:30.163283,AMASAMAN
87,"AMASAMAN , AKRAMAN",Weija,2025-07-27T17:02:30.163285,AMASAMAN AKRAMAN
88,AMASAMAN-BUS,Weija,2025-07-27T17:02:30.163287,AMASAMAN BUS
89,"AMASAMAN, OBO",Weija,2025-07-27T17:02:30.163288,AMASAMAN OBO
90,AMNAFROM-GALILEA,Weija,2025-07-27T17:02:30.163290,AMNAFROM
91,ANYAA,Weija,2025-07-27T17:02:30.163305,ANYAA
92,ANYAA-BERSATHDA,Weija,2025-07-27T17:02:30.163323,ANYAA BERSATHDA
93,ANYAA BESADA,Weija,2025-07-27T17:02:30.163328,ANYAA BESADA
94,"ANYAA , LAST STOP",Weija,2025-07-27T17:02:30.163331,ANYAA LAST STOP
95,"ANYAA
MARKET",Weija,2025-07-27T17:02:30.163343,ANYAA MARKET
96,ANYAA-MKT,Weija,2025-07-27T17:02:30.163355,ANYAA MKT
97,ANYAA NEAR CHINESE COMPANY,Weija,2025-07-27T17:02:30.163359,ANYAA NEAR CHINESE COMPANY
98,ANYAA- NEAR VICTORY CHURCH,Weija,2025-07-27T17:02:30.163362,ANYAA NEAR VICTORY
99,"ANYAA
NIC",Weija,2025-07-27T17:02:30.163374,ANYAA NIC
100,"ANYAA
PALAS TOWN",Weija,2025-07-27T17:02:30.163396,ANYAA PALAS TOWN
101,ANYAA SCHOOL JUNCTION,Weija,2025-07-27T17:02:30.163408,ANYAA SCHOOL
102,"ANYAA
VICTORY CHC",Weija,2025-07-27T17:02:30.163412,ANYAA VICTORY CHC
103,APAPAM,Weija,2025-07-27T17:02:30.163420,APAPAM
104,APLAKU,Weija,2025-07-27T17:02:30.163446,APLAKU
105,"APLAKU
APOSTLIC CHURCH",Weija,2025-07-27T17:02:30.163454,APLAKU APOSTLIC
106,APLAKU HOSPITAL,Weija,2025-07-27T17:02:30.163458,APLAKU HOSPITAL
107,"APLAKU
OPPSITE KINGS UNIVERSITY",Weija,2025-07-27T17:02:30.163462,APLAKU OPPSITE KINGS UNIVERSITY
108,"APLAKU , PALM BRFOS",Weija,2025-07-27T17:02:30.163466,APLAKU PALM BRFOS
109,APRAKU,Weija,2025-07-27T17:02:30.163474,APRAKU
110,ASSIN SOM NYAMEKODU,Weija,2025-07-27T17:02:30.163478,ASSIN SOM NYAMEKODU
111,ATOD.S SHSE SANDEMA,Weija,2025-07-27T17:02:30.163482,ATOD.S SHSE SANDEMA
112,AUNTY AKU,Weija,2025-07-27T17:02:30.163486,AUNTY AKU
113,AVENOR,Weija,2025-07-27T17:02:30.163490,AVENOR
114,AWORSHIE,Weija,2025-07-27T17:02:30.163496,AWORSHIE
115,AWOSHI - A LAND,Weija,2025-07-27T17:02:30.163500,AWOSHI A LAND
116,AWOSHI ANYA,Weija,2025-07-27T17:02:30.163504,AWOSHI ANYA
117,AWOSHIE,Weija,2025-07-27T17:02:30.163516,AWOSHIE
118,AWOSHIE A LANE,Weija,2025-07-27T17:02:30.163555,AWOSHIE A LANE
119,"AWOSHIE , A-LANG",Weija,2025-07-27T17:02:30.163559,AWOSHIE A LANG
120,"AWOSHIE
ABRANTE",Weija,2025-07-27T17:02:30.163532,AWOSHIE ABRANTE
121,AWOSHIE ABRANTEA,Weija,2025-07-27T17:02:30.163536,AWOSHIE ABRANTEA
122,AWOSHIE ABRANTIE,Weija,2025-07-27T17:02:30.163540,AWOSHIE ABRANTIE
123,AWOSHIE ADAAMAAMI,Weija,2025-07-27T17:02:30.163544,AWOSHIE ADAAMAAMI
124,AWOSHIE ADAMAAMI,Weija,2025-07-27T17:02:30.163548,AWOSHIE ADAMAAMI
125,AWOSHIE ANYINASE,Weija,2025-07-27T17:02:30.163587,AWOSHIE ANYINASE
126,"AWOSHIE , BAAH",Weija,2025-07-27T17:02:30.163595,AWOSHIE BAAH
127,AWOSHIE   BAAH  YARD,Weija,2025-07-27T17:02:30.163603,AWOSHIE BAAH YARD
128,"AWOSHIE
BAAHYARD",Weija,2025-07-27T17:02:30.163599,AWOSHIE BAAHYARD
129,AWOSHIE BANYARD,Weija,2025-07-27T17:02:30.163628,AWOSHIE BANYARD
130,"AWOSHIE , DEEPER LIFE",Weija,2025-07-27T17:02:30.163635,AWOSHIE DEEPER LIFE
131,AWOSHIE FIRST LAFA STREET,Weija,2025-07-27T17:02:30.163645,AWOSHIE FIRST LAFA STREET
132,"AWOSHIE 
LAST STOP",Weija,2025-07-27T17:02:30.163649,AWOSHIE LAST STOP
133,"AWOSHIE 
MANGOASE",Weija,2025-07-27T17:02:30.163657,AWOSHIE MANGOASE
134,"AWOSHIE
MANGOEASE",Weija,2025-07-27T17:02:30.163673,AWOSHIE MANGOEASE
135,AWOSHIE -  MANGUASE,Weija,2025-07-27T17:02:30.163677,AWOSHIE MANGUASE
136,AWOSHIE MARKET,Weija,2025-07-27T17:02:30.163681,AWOSHIE MARKET
137,AWOSHIE NIC,Weija,2025-07-27T17:02:30.163689,AWOSHIE NIC
138,"AWOSHIE
ONYINASE",Weija,2025-07-27T17:02:30.163696,AWOSHIE ONYINASE
139,"AWOSHIE , ONYINASE LANE 12",Weija,2025-07-27T17:02:30.163708,AWOSHIE ONYINASE LANE 12
140,"AWOSHIE , ONYINASE LANE 24",Weija,2025-07-27T17:02:30.163712,AWOSHIE ONYINASE LANE 24
141,"AWOSHIE , PALAS TOWN",Weija,2025-07-27T17:02:30.163720,AWOSHIE PALAS TOWN
142,"AWOSHIE
STATION",Weija,2025-07-27T17:02:30.163728,AWOSHIE STATION
143,AWOSHIE-WATER,Weija,2025-07-27T17:02:30.163748,AWOSHIE WATER
144,AWOSHIE  WATER WORKS,Weija,2025-07-27T17:02:30.163758,AWOSHIE WATER WORKS
145,AWOSHIE WATER WORKS DOWN,Weija,2025-07-27T17:02:30.163770,AWOSHIE WATER WORKS DOWN
146,"AWOSHIE
WATERWORKS",Weija,2025-07-27T17:02:30.163754,AWOSHIE WATERWORKS
147,AWOSHIEOYINASE,Weija,2025-07-27T17:02:30.163716,AWOSHIEOYINASE
148,AWOSHIE`,Weija,2025-07-27T17:02:30.163528,AWOSHIE`
149,AWSHIE ALANG,Weija,2025-07-27T17:02:30.163774,AWSHIE ALANG
150,AWUTU BIREKU,Weija,2025-07-27T17:02:30.163778,AWUTU BIREKU
151,AWUTU BREKU,Weija,2025-07-27T17:02:30.163785,AWUTU BREKU
152,"AWUTU , PRISON CAMP",Weija,2025-07-27T17:02:30.163789,AWUTU PRISON CAMP
153,"AWWOSHIE 
LAAST TOP",Weija,2025-07-27T17:02:30.163793,AWWOSHIE LAAST TOP
154,AYIBE TOWN,Weija,2025-07-27T17:02:30.163801,AYIBE TOWN
155,AYIGBE TOWN,Weija,2025-07-27T17:02:30.163805,AYIGBE TOWN
156,AYIWURI'S  HSE  FUMBISI  LOGMIISA,Weija,2025-07-27T17:02:30.163813,AYIWURI'S HSE FUMBISI LOGMIISA
157,Ablekuma,Weija,2025-07-27T17:02:30.163004,Ablekuma
158,Ablekuma Fanmilk,Weija,2025-07-27T17:02:30.163050,Ablekuma Fanmilk
159,Abusec/Accra Weija,Weija,2025-07-27T17:02:30.163170,Abusec/Accra Weija
160,Anyaa,Weija,2025-07-27T17:02:30.163301,Anyaa
161,"Anyaa 
New market",Weija,2025-07-27T17:02:30.163366,Anyaa New market
162,Aplaku,Weija,2025-07-27T17:02:30.163437,Aplaku
163,Awoshie,Weija,2025-07-27T17:02:30.163512,Awoshie
164,Ayaa,Weija,2025-07-27T17:02:30.163797,Ayaa
165,"BAAH YARD, WATERWORKS",Weija,2025-07-27T17:02:30.163817,BAAH YARD WATERWORKS
166,BARRIER,Weija,2025-07-27T17:02:30.163827,BARRIER
167,BAWJIASE - AKPETESHIE CAMP,Weija,2025-07-27T17:02:30.163838,BAWJIASE AKPETESHIE CAMP
168,BAWJIASE OPPOSITE THE METHODIST SCHOOL,Weija,2025-07-27T17:02:30.163839,BAWJIASE OPPOSITE THE METHODIST SCHOOL
169,BEHIND OBLOGO CLASTER OF SCHOO,Weija,2025-07-27T17:02:30.163845,BEHIND OBLOGO CLASTER OF SCHOO
170,BEHIND WESTHILLS,Weija,2025-07-27T17:02:30.163847,BEHIND WESTHILLS
171,BENJIS,Weija,2025-07-27T17:02:30.163850,BENJIS
172,BENJYS,Weija,2025-07-27T17:02:30.163852,BENJYS
173,BENJYS LODGE,Weija,2025-07-27T17:02:30.163853,BENJYS LODGE
174,BLOCK FACTORY,Weija,2025-07-27T17:02:30.163859,BLOCK FACTORY
175,BLOCKFACTORY,Weija,2025-07-27T17:02:30.163860,BLOCKFACTORY
176,"BLOCKFACTORY
SCC",Weija,2025-07-27T17:02:30.163862,BLOCKFACTORY SCC
177,BLOCKFACTORY WEIJA,Weija,2025-07-27T17:02:30.163864,BLOCKFACTORY WEIJA
178,BODOMASI,Weija,2025-07-27T17:02:30.163865,BODOMASI
179,BOLEMI -GBAWE,Weija,2025-07-27T17:02:30.163867,BOLEMI GBAWE
180,BORKORBORKOR-ABLEKUMAH,Weija,2025-07-27T17:02:30.163869,BORKORBORKOR ABLEKUMAH
181,BORLA ROAD DOWN,Weija,2025-07-27T17:02:30.163870,BORLA ROAD DOWN
182,BORTIANO,Weija,2025-07-27T17:02:30.163874,BORTIANO
183,BORTIANOR,Weija,2025-07-27T17:02:30.163877,BORTIANOR
184,BORTIANOR AIGBE TOWN,Weija,2025-07-27T17:02:30.163880,BORTIANOR AIGBE TOWN
185,BORTIANOR  -AJASCO,Weija,2025-07-27T17:02:30.163882,BORTIANOR AJASCO
186,BORTIANOR-ASH BREAD,Weija,2025-07-27T17:02:30.163884,BORTIANOR ASH BREAD
187,"BORTIANOR, AYIGBE TOWN",Weija,2025-07-27T17:02:30.163885,BORTIANOR AYIGBE TOWN
188,"BORTIANOR 
BEHIND WEST HILLS MALL",Weija,2025-07-27T17:02:30.163887,BORTIANOR BEHIND WEST HILLS MALL
189,"BORTIANOR
BROADCASTING",Weija,2025-07-27T17:02:30.163889,BORTIANOR BROADCASTING
190,BORTIANOR-GOIL FUEL STATION,Weija,2025-07-27T17:02:30.163892,BORTIANOR GOIL FUEL STATION
191,BORTIANOR HILLS,Weija,2025-07-27T17:02:30.163894,BORTIANOR HILLS
192,BORTIANOR-LIGHT OF THE WORD,Weija,2025-07-27T17:02:30.163895,BORTIANOR LIGHT OF THE WORD
193,BORTIANOR-MODEX,Weija,2025-07-27T17:02:30.163897,BORTIANOR MODEX
194,BORTIANOR-NEW APLAKU,Weija,2025-07-27T17:02:30.163898,BORTIANOR NEW APLAKU
195,"BORTIANOR-NEW APLAKU
172/22",Weija,2025-07-27T17:02:30.163900,BORTIANOR NEW APLAKU 172/22
196,BORTIANOR-PENTECOST,Weija,2025-07-27T17:02:30.163902,BORTIANOR PENTECOST
197,BORTINOR-KOKOME JUNCTION,Weija,2025-07-27T17:02:30.163903,BORTINOR KOKOME
198,BREGADE,Weija,2025-07-27T17:02:30.163905,BREGADE
199,"BRIDGADE
AROUND RESURRECTION CHURCH",Weija,2025-07-27T17:02:30.163907,BRIDGADE AROUND RESURRECTION
200,BRIGADE,Weija,2025-07-27T17:02:30.163908,BRIGADE
201,"BRIGADE
KASOA",Weija,2025-07-27T17:02:30.163916,BRIGADE KASOA
202,BROADCASTING,Weija,2025-07-27T17:02:30.163919,BROADCASTING
203,BROADCASTING TOP,Weija,2025-07-27T17:02:30.163922,BROADCASTING TOP
204,BROADCASTING WEIJA,Weija,2025-07-27T17:02:30.163924,BROADCASTING WEIJA
205,BRODCASTLE,Weija,2025-07-27T17:02:30.163926,BRODCASTLE
206,BUBIASHIE ATICO,Weija,2025-07-27T17:02:30.163929,BUBIASHIE ATICO
207,BUBIASHIE-BEHIND ACADEMY,Weija,2025-07-27T17:02:30.163933,BUBIASHIE BEHIND
208,BUBUASHIE,Weija,2025-07-27T17:02:30.163934,BUBUASHIE
209,"BUDUBURAM
AGYENKWA",Weija,2025-07-27T17:02:30.163938,BUDUBURAM AGYENKWA
210,BULEIMAN,Weija,2025-07-27T17:02:30.163939,BULEIMAN
211,BULEMI,Weija,2025-07-27T17:02:30.163941,BULEMI
212,BULEMIN,Weija,2025-07-27T17:02:30.163943,BULEMIN
213,BUSIA,Weija,2025-07-27T17:02:30.163944,BUSIA
214,BUSSIA,Weija,2025-07-27T17:02:30.163947,BUSSIA
215,Barrier,Weija,2025-07-27T17:02:30.163823,Barrier
216,Block factory,Weija,2025-07-27T17:02:30.163857,Block factory
217,C/O KETA NURSING SCHOOL  /ACCRA  SCC -BLOCK FACTORY,Weija,2025-07-27T17:02:30.163970,C/O KETA NURSING SCHOOL /ACCRA SCC BLOCK FACTORY
218,CAMARA,Weija,2025-07-27T17:02:30.163949,CAMARA
219,CAMP,Weija,2025-07-27T17:02:30.163953,CAMP
220,"CENTER MARIA 
ANTIEKU",Weija,2025-07-27T17:02:30.163955,CENTER MARIA ANTIEKU
221,CHABAA NEAR SHELL FILLING STATION,Weija,2025-07-27T17:02:30.163956,CHABAA NEAR SHELL FILLING STATION
222,CHINIS,Weija,2025-07-27T17:02:30.163958,CHINIS
223,CHOICE,Weija,2025-07-27T17:02:30.163963,CHOICE
224,"CHOICE 
SCC",Weija,2025-07-27T17:02:30.163966,CHOICE SCC
225,CHOICE  WEIJA,Weija,2025-07-27T17:02:30.163968,CHOICE WEIJA
226,CP,Weija,2025-07-27T17:02:30.163974,CURVE
227,Choice,Weija,2025-07-27T17:02:30.163961,Choice
228,DANKUMAN,Weija,2025-07-27T17:02:30.163977,DANKUMAN
229,DANSOMAN,Weija,2025-07-27T17:02:30.163982,DANSOMAN
230,"DANSOMAN
AGEGE LAST STOP",Weija,2025-07-27T17:02:30.163985,DANSOMAN AGEGE LAST STOP
231,DANSOMAN    AKUKOR  FOTO,Weija,2025-07-27T17:02:30.163987,DANSOMAN AKUKOR FOTO
232,DANSOMAN-BEACH,Weija,2025-07-27T17:02:30.163989,DANSOMAN BEACH
233,DANSOMAN CONTROL,Weija,2025-07-27T17:02:30.163990,DANSOMAN CONTROL
234,"DANSOMAN , EXHIBITION",Weija,2025-07-27T17:02:30.163994,DANSOMAN EXHIBITION
235,DANSOMAN LAST TOP,Weija,2025-07-27T17:02:30.163995,DANSOMAN LAST TOP
236,"DANSOMAN
OTOJO",Weija,2025-07-27T17:02:30.163997,DANSOMAN OTOJO
237,DANSOMAN POLICE STATION,Weija,2025-07-27T17:02:30.163998,DANSOMAN POLICE STATION
238,DANSOMAN TWENEBOAH,Weija,2025-07-27T17:02:30.164000,DANSOMAN TWENEBOAH
239,DARKUMA,Weija,2025-07-27T17:02:30.164002,DARKUMA
240,"DARKUMA , KOKOMPE",Weija,2025-07-27T17:02:30.164003,DARKUMA KOKOMPE
241,DARKUMAN,Weija,2025-07-27T17:02:30.164005,DARKUMAN
242,"DARKUMAN
MASALAKYI",Weija,2025-07-27T17:02:30.164008,DARKUMAN MASALAKYI
243,"DARKUMAN
NYAMEKYE",Weija,2025-07-27T17:02:30.164010,DARKUMAN NYAMEKYE
244,DENKYIRA,Weija,2025-07-27T17:02:30.164012,DENKYIRA
245,DJAMA,Weija,2025-07-27T17:02:30.164013,DJAMA
246,"DJAMAN
TOP",Weija,2025-07-27T17:02:30.164015,DJAMAN TOP
247,DJAMAN TOP BASE,Weija,2025-07-27T17:02:30.164017,DJAMAN TOP BASE
248,DJANMA,Weija,2025-07-27T17:02:30.164018,DJANMA
249,DJANMAN,Weija,2025-07-27T17:02:30.164020,DJANMAN
250,DODI MEMPEASEM AT YAO  HOUSE,Weija,2025-07-27T17:02:30.164022,DODI MEMPEASEM AT YAO HOUSE
251,DODOWA,Weija,2025-07-27T17:02:30.164026,DODOWA
252,"DOME , KWABENYA - ACP ESTATE",Weija,2025-07-27T17:02:30.164031,DOME KWABENYA ACP
253,DOMEABRA,Weija,2025-07-27T17:02:30.164027,DOMEABRA
254,DORMIABRA,Weija,2025-07-27T17:02:30.164033,DORMIABRA
255,DROBO,Weija,2025-07-27T17:02:30.164034,DROBO
256,Dansoman,Weija,2025-07-27T17:02:30.163980,Dansoman
257,EAST CATOMENT,Weija,2025-07-27T17:02:30.164036,EAST CATOMENT
258,EAST LEGON,Weija,2025-07-27T17:02:30.164038,EAST LEGON
259,"EAST LEGON
AJINGANOR",Weija,2025-07-27T17:02:30.164040,EAST LEGON AJINGANOR
260,"EAST LEGON , AMERICAN HOUSE",Weija,2025-07-27T17:02:30.164041,EAST LEGON AMERICAN HOUSE
261,ENYAN DENKYIRA,Weija,2025-07-27T17:02:30.164045,ENYAN DENKYIRA
262,FADAMA,Weija,2025-07-27T17:02:30.164046,FADAMA
263,"FAN MILK JUNCTION 
ABLEKUMA",Weija,2025-07-27T17:02:30.164055,FAN MILK
264,"FAN MILK 
ABLEKUMA",Weija,2025-07-27T17:02:30.164049,FAN MILK ABLEKUMA
265,FANMILK ABLEKUMAH,Weija,2025-07-27T17:02:30.164051,FAN MILK ABLEKUMAH
266,FETE KAKRABA NEW SITE,Weija,2025-07-27T17:02:30.164059,FETE KAKRABA NEW SITE
267,FETTEH KAKRABA,Weija,2025-07-27T17:02:30.164060,FETTEH KAKRABA
268,FIJAI,Weija,2025-07-27T17:02:30.164062,FIJAI
269,FREEMAN MACARTHY HILL,Weija,2025-07-27T17:02:30.164064,FREEMAN MACARTHY HILL
270,FROM ACCRA SCHOOL @ HEPSS,Weija,2025-07-27T17:02:30.164065,FROM ACCRA SCHOOL @ HEPSS
271,GALELIA,Weija,2025-07-27T17:02:30.164070,GALELIA
272,GALELIA MARKET,Weija,2025-07-27T17:02:30.164072,GALELIA MARKET
273,GBAWE,Weija,2025-07-27T17:02:30.164085,GBAWE
274,"GBAWE , AROUND TOWER SCHOOL",Weija,2025-07-27T17:02:30.164104,GBAWE AROUND TOWER SCHOOL
275,"GBAWE
AYI QUARTEY LANE",Weija,2025-07-27T17:02:30.164108,GBAWE AYI QUARTEY LANE
276,GBAWE BLUE CROSS,Weija,2025-07-27T17:02:30.164116,GBAWE BLUE CROSS
277,"GBAWE
BLUECROSS",Weija,2025-07-27T17:02:30.164112,GBAWE BLUECROSS
278,GBAWE BULEM,Weija,2025-07-27T17:02:30.164119,GBAWE BULEM
279,GBAWE BULEMI JUNCTION,Weija,2025-07-27T17:02:30.164131,GBAWE BULEMI
280,"GBAWE
BULEMIN",Weija,2025-07-27T17:02:30.164139,GBAWE BULEMIN
281,"GBAWE
BULIME",Weija,2025-07-27T17:02:30.164161,GBAWE BULIME
282,GBAWE CEMETRY,Weija,2025-07-27T17:02:30.164165,GBAWE CEMETRY
283,"GBAWE
CP",Weija,2025-07-27T17:02:30.164177,GBAWE CP
284,"GBAWE CP 
COLDE STORE",Weija,2025-07-27T17:02:30.164207,GBAWE CP COLDE STORE
285,"GBAWE , CP TIME SPOT",Weija,2025-07-27T17:02:30.164209,GBAWE CP TIME SPOT
286,GBAWE  DJAMA,Weija,2025-07-27T17:02:30.164210,GBAWE DJAMA
287,GBAWE DJAMAN,Weija,2025-07-27T17:02:30.164212,GBAWE DJAMAN
288,GBAWE DOWN,Weija,2025-07-27T17:02:30.164214,GBAWE DOWN
289,GBAWE GONGSE,Weija,2025-07-27T17:02:30.164218,GBAWE GONGSE
290,GBAWE  -GONSE,Weija,2025-07-27T17:02:30.164220,GBAWE GONSE
291,GBAWE-GRAVEL JUNCTN,Weija,2025-07-27T17:02:30.164222,GBAWE GRAVEL JUNCTN
292,"GBAWE , HILL TOP",Weija,2025-07-27T17:02:30.164225,GBAWE HILL TOP
293,GBAWE-IKE QUAREEY,Weija,2025-07-27T17:02:30.164227,GBAWE IKE QUAREEY
294,GBAWE  JAMA,Weija,2025-07-27T17:02:30.164231,GBAWE JAMA
295,GBAWE JAMAH,Weija,2025-07-27T17:02:30.164233,GBAWE JAMAH
296,GBAWE-JAYLO,Weija,2025-07-27T17:02:30.164234,GBAWE JAYLO
297,GBAWE  JULICART,Weija,2025-07-27T17:02:30.164236,GBAWE JULICART
298,GBAWE-LAST STOP,Weija,2025-07-27T17:02:30.164237,GBAWE LAST STOP
299,"GBAWE , METHODIST",Weija,2025-07-27T17:02:30.164239,GBAWE METHODIST
300,"GBAWE 
NEAR TIM SPOT",Weija,2025-07-27T17:02:30.164242,GBAWE NEAR TIM SPOT
301,GBAWE STATION,Weija,2025-07-27T17:02:30.164246,GBAWE STATION
302,"GBAWE
STEP BY STEP",Weija,2025-07-27T17:02:30.164247,GBAWE STEP BY STEP
303,"GBAWE , TELECOM",Weija,2025-07-27T17:02:30.164249,GBAWE TELECOM
304,"GBAWE
TOP BASE",Weija,2025-07-27T17:02:30.164259,GBAWE TOP BASE
305,GBAWE TOPBASE,Weija,2025-07-27T17:02:30.164264,GBAWE TOPBASE
306,"GBAWE
ZERO",Weija,2025-07-27T17:02:30.164269,GBAWE ZERO
307,GBAWE ZERO -HILLTOP-PRESBY CHURCH,Weija,2025-07-27T17:02:30.164293,GBAWE ZERO HILLTOP PRESBY
308,GBAWE. BULEMI,Weija,2025-07-27T17:02:30.164127,GBAWE. BULEMI
309,GBAWEH,Weija,2025-07-27T17:02:30.164223,GBAWEH
310,GBEWE,Weija,2025-07-27T17:02:30.164295,GBEWE
311,GBEWE BULEMEY,Weija,2025-07-27T17:02:30.164296,GBEWE BULEMEY
312,GBEWE ZERO,Weija,2025-07-27T17:02:30.164305,GBEWE ZERO
313,GOMOA   FATA,Weija,2025-07-27T17:02:30.164307,GOMOA FATA
314,GPRTU ABAKUM - KASOA,Weija,2025-07-27T17:02:30.164308,GPRTU ABAKUM KASOA
315,Galalie,Weija,2025-07-27T17:02:30.164067,Galalie
316,Galelia,Weija,2025-07-27T17:02:30.164068,Galelia
317,Gbawe,Weija,2025-07-27T17:02:30.164083,Gbawe
318,Gbawe Bulemin,Weija,2025-07-27T17:02:30.164135,Gbawe Bulemin
319,Gbawe Clinic,Weija,2025-07-27T17:02:30.164169,Gbawe Clinic
320,HONGKONG  KWASHIEMAN,Weija,2025-07-27T17:02:30.164315,HONGKONG KWASHIEMAN
321,JAMES TOWN CHOCO,Weija,2025-07-27T17:02:30.164317,JAMES TOWN CHOCO
322,JEI RIVER,Weija,2025-07-27T17:02:30.164319,JEI RIVER
323,JORWORLU  LAST  STOP,Weija,2025-07-27T17:02:30.164320,JORWORLU LAST STOP
324,JORWULU  LAST  STOP,Weija,2025-07-27T17:02:30.164322,JORWULU LAST STOP
325,KALABULA,Weija,2025-07-27T17:02:30.164325,KALABULA
326,KALABULE,Weija,2025-07-27T17:02:30.164327,KALABULE
327,"KALABULE, TOLLBOOTH",Weija,2025-07-27T17:02:30.164329,KALABULE TOLLBOOTH
328,KANESHIE,Weija,2025-07-27T17:02:30.164330,KANESHIE
329,KANESHIE FRIST LIGHT,Weija,2025-07-27T17:02:30.164332,KANESHIE FRIST LIGHT
330,"KAOSA 
BOMETE",Weija,2025-07-27T17:02:30.164334,KAOSA BOMETE
331,KAOSA-NYANYANOR,Weija,2025-07-27T17:02:30.164336,KAOSA NYANYANOR
332,KAOSOA,Weija,2025-07-27T17:02:30.164340,KAOSOA
333,KAS-PAPASEOA,Weija,2025-07-27T17:02:30.164624,KAS PAPASEOA
334,KASAO,Weija,2025-07-27T17:02:30.164345,KASAO
335,"KASO
NURSES'S",Weija,2025-07-27T17:02:30.164620,KASO NURSES'S
336,KASOA,Weija,2025-07-27T17:02:30.164354,KASOA
337,"KASOA
ACC",Weija,2025-07-27T17:02:30.164357,KASOA ACC
338,KASOA  ADADE,Weija,2025-07-27T17:02:30.164362,KASOA ADADE
339,"KASOA
ADAM NANA",Weija,2025-07-27T17:02:30.164364,KASOA ADAM NANA
340,KASOA AKOTI,Weija,2025-07-27T17:02:30.164367,KASOA AKOTI
341,KASOA AKWELE,Weija,2025-07-27T17:02:30.164369,KASOA AKWELE
342,KASOA -AKWELEY,Weija,2025-07-27T17:02:30.164371,KASOA AKWELEY
343,KASOA AMAMFROM,Weija,2025-07-27T17:02:30.164376,KASOA AMAMFROM
344,KASOA  -AMANFROM,Weija,2025-07-27T17:02:30.164377,KASOA AMANFROM
345,KASOA AMANFROM PEACE TOWN,Weija,2025-07-27T17:02:30.164386,KASOA AMANFROM PEACE TOWN
346,"KASOA , AMERICAN DOWN",Weija,2025-07-27T17:02:30.164388,KASOA AMERICAN DOWN
347,"KASOA, AMERICAN TOWN",Weija,2025-07-27T17:02:30.164390,KASOA AMERICAN TOWN
348,KASOA APLAKU,Weija,2025-07-27T17:02:30.164391,KASOA APLAKU
349,KASOA ASH TOWN,Weija,2025-07-27T17:02:30.164393,KASOA ASH TOWN
350,KASOA AYIGBE TOWN,Weija,2025-07-27T17:02:30.164395,KASOA AYIGBE TOWN
351,KASOA BARRIER,Weija,2025-07-27T17:02:30.164396,KASOA BARRIER
352,KASOA-BAWJIASE,Weija,2025-07-27T17:02:30.164398,KASOA BAWJIASE
353,"KASOA
BIG APPLE",Weija,2025-07-27T17:02:30.164404,KASOA BIG APPLE
354,KASOA BLOCK FACTORY,Weija,2025-07-27T17:02:30.164412,KASOA BLOCK FACTORY
355,KASOA BRAODCASTING,Weija,2025-07-27T17:02:30.164414,KASOA BRAODCASTING
356,"KASOA , BRIGADE",Weija,2025-07-27T17:02:30.164415,KASOA BRIGADE
357,"KASOA
BROADCASTING",Weija,2025-07-27T17:02:30.164417,KASOA BROADCASTING
358,"KASOA
BUDUMBURUM",Weija,2025-07-27T17:02:30.164420,KASOA BUDUMBURUM
359,KASOA CAMP,Weija,2025-07-27T17:02:30.164422,KASOA CAMP
360,KASOA CHOICE,Weija,2025-07-27T17:02:30.164427,KASOA CHOICE
361,KASOA CP,Weija,2025-07-27T17:02:30.164430,KASOA CP
362,KASOA-DANCHRA,Weija,2025-07-27T17:02:30.164434,KASOA DANCHRA
363,"KASOA
DOMEABRA",Weija,2025-07-27T17:02:30.164435,KASOA DOMEABRA
364,KASOA-DOMIBRAH,Weija,2025-07-27T17:02:30.164440,KASOA DOMIBRAH
365,KASOA GALELEA,Weija,2025-07-27T17:02:30.164445,KASOA GALELEA
366,"KASOA , GALELIA",Weija,2025-07-27T17:02:30.164448,KASOA GALELIA
367,"KASOA , GALELIA MARKET",Weija,2025-07-27T17:02:30.164450,KASOA GALELIA MARKET
368,KASOA GALILIEA,Weija,2025-07-27T17:02:30.164456,KASOA GALILIEA
369,KASOA GALLELIA,Weija,2025-07-27T17:02:30.164460,KASOA GALLELIA
370,KASOA GALLILEA,Weija,2025-07-27T17:02:30.164462,KASOA GALLILEA
371,"KASOA 
IRON CITY",Weija,2025-07-27T17:02:30.164464,KASOA IRON CITY
372,"KASOA , KAKRABA",Weija,2025-07-27T17:02:30.164469,KASOA KAKRABA
373,"KASOA
KAKRABA DOWN",Weija,2025-07-27T17:02:30.164474,KASOA KAKRABA DOWN
374,"KASOA
KALABULEY",Weija,2025-07-27T17:02:30.164479,KASOA KALABULEY
375,"KASOA
KASAPA",Weija,2025-07-27T17:02:30.164481,KASOA KASAPA
376,"KASOA , KOJOKU",Weija,2025-07-27T17:02:30.164483,KASOA KOJOKU
377,KASOA KRISPO CITY,Weija,2025-07-27T17:02:30.164484,KASOA KRISPO CITY
378,KASOA  LAMPTEY,Weija,2025-07-27T17:02:30.164486,KASOA LAMPTEY
379,KASOA LAMPTEY MILLS,Weija,2025-07-27T17:02:30.164489,KASOA LAMPTEY MILLS
380,KASOA LAMTEY MILLS,Weija,2025-07-27T17:02:30.164493,KASOA LAMTEY MILLS
381,"KASOA 
LIBERIA CAMP",Weija,2025-07-27T17:02:30.164495,KASOA LIBERIA CAMP
382,KASOA MANGO LANE,Weija,2025-07-27T17:02:30.164496,KASOA MANGO LANE
383,"KASOA, MILLENIUM CITY",Weija,2025-07-27T17:02:30.164498,KASOA MILLENIUM CITY
384,"KASOA
MILLINIUM CITY",Weija,2025-07-27T17:02:30.164500,KASOA MILLINIUM CITY
385,KASOA NEW APLAKU,Weija,2025-07-27T17:02:30.164501,KASOA NEW APLAKU
386,KASOA NEW MARKET,Weija,2025-07-27T17:02:30.164505,KASOA NEW MARKET
387,"KASOA
NEW TOWN",Weija,2025-07-27T17:02:30.164510,KASOA NEW TOWN
388,KASOA NURSE QUATERS,Weija,2025-07-27T17:02:30.164517,KASOA NURSE QUATERS
389,"KASOA 
NURSE'S QUARTERS",Weija,2025-07-27T17:02:30.164522,KASOA NURSE'S QUARTERS
390,"KASOA
NURSES COURTESS",Weija,2025-07-27T17:02:30.164519,KASOA NURSES COURTESS
391,"KASOA
NURSES QUARTERS",Weija,2025-07-27T17:02:30.164520,KASOA NURSES QUARTERS
392,"KASOA , NYANYANO",Weija,2025-07-27T17:02:30.164524,KASOA NYANYANO
393,"KASOA, NYANYANO RD , FIIFI JUNCTION",Weija,2025-07-27T17:02:30.164529,KASOA NYANYANO RD FIIFI
394,KASOA NYAYANO,Weija,2025-07-27T17:02:30.164532,KASOA NYAYANO
395,KASOA OBOM ROAD,Weija,2025-07-27T17:02:30.164534,KASOA OBOM ROAD
396,KASOA-OBOOM RD,Weija,2025-07-27T17:02:30.164537,KASOA OBOOM RD
397,KASOA-OCOLOMBA,Weija,2025-07-27T17:02:30.164539,KASOA OCOLOMBA
398,KASOA OFAAKOR,Weija,2025-07-27T17:02:30.164540,KASOA OFAAKOR
399,"KASOA 
OFANJKOR",Weija,2025-07-27T17:02:30.164542,KASOA OFANJKOR
400,KASOA OFANKOR,Weija,2025-07-27T17:02:30.164546,KASOA OFANKOR
401,"KASOA 
OFFAKOR",Weija,2025-07-27T17:02:30.164551,KASOA OFFAKOR
402,"KASOA
OFFANKOR",Weija,2025-07-27T17:02:30.164553,KASOA OFFANKOR
403,KASOA  OFFICIAL TOWN,Weija,2025-07-27T17:02:30.164554,KASOA OFFICIAL TOWN
404,KASOA OLD BARRIER,Weija,2025-07-27T17:02:30.164558,KASOA OLD BARRIER
405,"KASOA
OPEIKUMA",Weija,2025-07-27T17:02:30.164559,KASOA OPEIKUMA
406,KASOA OTA CITY,Weija,2025-07-27T17:02:30.164563,KASOA OTA CITY
407,KASOA OTAMENS,Weija,2025-07-27T17:02:30.164564,KASOA OTAMENS
408,"KASOA
PAPAASE",Weija,2025-07-27T17:02:30.164568,KASOA PAPAASE
409,KASOA-PAPAASE NO CLOSE TO JUSTAB,Weija,2025-07-27T17:02:30.164570,KASOA PAPAASE NO CLOSE TO JUSTAB
410,"KASOA
PAPASE",Weija,2025-07-27T17:02:30.164572,KASOA PAPASE
411,"KASOA
PEACEFUL CITY",Weija,2025-07-27T17:02:30.164573,KASOA PEACEFUL CITY
412,KASOA-PINK FM,Weija,2025-07-27T17:02:30.164579,KASOA PINK FM
413,KASOA- QUARTERS NEAR  WASHING BASE,Weija,2025-07-27T17:02:30.164580,KASOA QUARTERS NEAR WASHING BASE
414,KASOA ROAD BROADCASTING,Weija,2025-07-27T17:02:30.164582,KASOA ROAD BROADCASTING
415,KASOA ROAD MENDSKROM,Weija,2025-07-27T17:02:30.164584,KASOA ROAD MENDSKROM
416,KASOA SCC,Weija,2025-07-27T17:02:30.164585,KASOA SCC
417,KASOA SECOND,Weija,2025-07-27T17:02:30.164587,KASOA SECOND
418,KASOA SECOND GATE,Weija,2025-07-27T17:02:30.164589,KASOA SECOND GATE
419,KASOA SEMEHYIA,Weija,2025-07-27T17:02:30.164590,KASOA SEMEHYIA
420,KASOA SHALOM,Weija,2025-07-27T17:02:30.164592,KASOA SHALOM
421,"KASOA
TIPPER",Weija,2025-07-27T17:02:30.164594,KASOA TIPPER
422,"KASOA , TOP HILL",Weija,2025-07-27T17:02:30.164600,KASOA TOP HILL
423,KASOA-TOP TOWN,Weija,2025-07-27T17:02:30.164602,KASOA TOP TOWN
424,KASOA TOPBASE,Weija,2025-07-27T17:02:30.164595,KASOA TOPBASE
425,"KASOA
TOPBOOTH",Weija,2025-07-27T17:02:30.164597,KASOA TOPBOOTH
426,KASOA TUBA,Weija,2025-07-27T17:02:30.164605,KASOA TUBA
427,KASOA TUBA KWAIT,Weija,2025-07-27T17:02:30.164609,KASOA TUBA KWAIT
428,"KASOA , WALANTU",Weija,2025-07-27T17:02:30.164610,KASOA WALANTU
429,KASOA WALATU,Weija,2025-07-27T17:02:30.164614,KASOA WALATU
430,KASOA WALATU WT56/1,Weija,2025-07-27T17:02:30.164615,KASOA WALATU WT56/1
431,KASOA WINGA,Weija,2025-07-27T17:02:30.164617,KASOA WINGA
432,KASOA ZONGO,Weija,2025-07-27T17:02:30.164619,KASOA ZONGO
433,KINTAMPO,Weija,2025-07-27T17:02:30.164627,KINTAMPO
434,KODUAH KASOA,Weija,2025-07-27T17:02:30.164629,KODUAH KASOA
435,KOITA,Weija,2025-07-27T17:02:30.164633,KOITA
436,KOKROBETE,Weija,2025-07-27T17:02:30.164638,KOKROBETE
437,KOKROBITE,Weija,2025-07-27T17:02:30.164643,KOKROBITE
438,"KOKROBITE

KOKROBITE",Weija,2025-07-27T17:02:30.164646,KOKROBITE KOKROBITE
439,"KOKROBITE , OSHIE",Weija,2025-07-27T17:02:30.164648,KOKROBITE OSHIE
440,KOKROBITEY,Weija,2025-07-27T17:02:30.164649,KOKROBITEY
441,KOKROBITEY  POLICE STATION,Weija,2025-07-27T17:02:30.164653,KOKROBITEY POLICE STATION
442,"KOKROBITY
BIG MILLIS",Weija,2025-07-27T17:02:30.164655,KOKROBITY BIG MILLIS
443,KOKRROBITE,Weija,2025-07-27T17:02:30.164657,KOKRROBITE
444,KORLE BU,Weija,2025-07-27T17:02:30.164662,KORLE BU
445,KORMANTSE,Weija,2025-07-27T17:02:30.164664,KORMANTSE
446,KRODUA ANOMOBE,Weija,2025-07-27T17:02:30.164666,KRODUA ANOMOBE
447,"KUMASI,TECH",Weija,2025-07-27T17:02:30.164667,KUMASI TECH
448,KWABENYA,Weija,2025-07-27T17:02:30.164671,KWABENYA
449,KWAERSHIMAN HONG KONG,Weija,2025-07-27T17:02:30.164672,KWAERSHIMAN HONG KONG
450,KWAHU MPREASO - NEAR STADIUM,Weija,2025-07-27T17:02:30.164674,KWAHU MPREASO NEAR STADIUM
451,KWASHIEBU,Weija,2025-07-27T17:02:30.164677,KWASHIEBU
452,"KWASHIEBU , AROUND TOP RIDGE SCHOOL",Weija,2025-07-27T17:02:30.164679,KWASHIEBU AROUND TOP RIDGE SCHOOL
453,KWASHIEBU-DORDOR,Weija,2025-07-27T17:02:30.164681,KWASHIEBU DORDOR
454,KWASHIEBU - NEAR TOP RIDGE,Weija,2025-07-27T17:02:30.164682,KWASHIEBU NEAR TOP RIDGE
455,"KWASHIEBU , ROMAN",Weija,2025-07-27T17:02:30.164684,KWASHIEBU ROMAN
456,"KWASHIEBU , TEMPLE STREET",Weija,2025-07-27T17:02:30.164686,KWASHIEBU TEMPLE STREET
457,KWASHIEMAN,Weija,2025-07-27T17:02:30.164693,KWASHIEMAN
458,"KWASHIEMAN
ADE JUNCTION",Weija,2025-07-27T17:02:30.164697,KWASHIEMAN ADE
459,"KWASHIEMAN , AROUND ECOBANK",Weija,2025-07-27T17:02:30.164698,KWASHIEMAN AROUND ECOBANK
460,"KWASHIEMAN , AROUND HAPPY KIDS",Weija,2025-07-27T17:02:30.164700,KWASHIEMAN AROUND HAPPY KIDS
461,"KWASHIEMAN
BEEN TO",Weija,2025-07-27T17:02:30.164702,KWASHIEMAN BEEN TO
462,KWASHIEMAN CHRIST MISSION,Weija,2025-07-27T17:02:30.164710,KWASHIEMAN CHRIST MISSION
463,"KWASHIEMAN
HAPPY KIDS",Weija,2025-07-27T17:02:30.164712,KWASHIEMAN HAPPY KIDS
464,"KWASHIEMAN
HAPPY KIDS SCHOOL",Weija,2025-07-27T17:02:30.164715,KWASHIEMAN HAPPY KIDS SCHOOL
465,KWASHIEMAN KOBINSEY SCHOOL/CHURCH,Weija,2025-07-27T17:02:30.164717,KWASHIEMAN KOBINSEY SCHOOL/
466,KWASHIEMAN OFFICIAL TOWN,Weija,2025-07-27T17:02:30.164718,KWASHIEMAN OFFICIAL TOWN
467,"KWASHIEMAN 
PRESBY",Weija,2025-07-27T17:02:30.164720,KWASHIEMAN PRESBY
468,KWASHIEMAN STATION,Weija,2025-07-27T17:02:30.164722,KWASHIEMAN STATION
469,KWASHIEMAN -UNDER THE  FOOT BRIDGE,Weija,2025-07-27T17:02:30.164723,KWASHIEMAN UNDER THE FOOT BRIDGE
470,KWASHIEMAN ZONGO,Weija,2025-07-27T17:02:30.164725,KWASHIEMAN ZONGO
471,KWASHIMAN,Weija,2025-07-27T17:02:30.164730,KWASHIMAN
472,KWASIBU,Weija,2025-07-27T17:02:30.164733,KWASIBU
473,"KWASIBU
RECT ACADEMY",Weija,2025-07-27T17:02:30.164735,KWASIBU RECT
474,KWASIEMAN,Weija,2025-07-27T17:02:30.164737,KWASIEMAN
475,KWASIHEMAN,Weija,2025-07-27T17:02:30.164738,KWASIHEMAN
476,Kasoa,Weija,2025-07-27T17:02:30.164350,Kasoa
477,Kasoa Lamptey mills,Weija,2025-07-27T17:02:30.164488,Kasoa Lamptey mills
478,Kasoa choice,Weija,2025-07-27T17:02:30.164425,Kasoa choice
479,Kasoa- new market,Weija,2025-07-27T17:02:30.164503,Kasoa new market
480,Kwabenya,Weija,2025-07-27T17:02:30.164669,Kwabenya
481,Kwashieman,Weija,2025-07-27T17:02:30.164689,Kwashieman
482,LAPAZ,Weija,2025-07-27T17:02:30.164740,LAPAZ
483,LAPAZ FISH POND,Weija,2025-07-27T17:02:30.164743,LAPAZ FISH POND
484,"LAPAZ , NEW MARKET",Weija,2025-07-27T17:02:30.164751,LAPAZ NEW MARKET
485,LAPAZ-NYAMKYE,Weija,2025-07-27T17:02:30.164753,LAPAZ NYAMKYE
486,"LAPAZ , RACE COURSE",Weija,2025-07-27T17:02:30.164754,LAPAZ RACE COURSE
487,"LAPAZ
TIE TOP",Weija,2025-07-27T17:02:30.164758,LAPAZ TIE TOP
488,LAPEZ FLAT TOP,Weija,2025-07-27T17:02:30.164760,LAPEZ FLAT TOP
489,LATEBIOKOSHI,Weija,2025-07-27T17:02:30.164762,LATEBIOKOSHI
490,LIBERIA CAMP,Weija,2025-07-27T17:02:30.164763,LIBERIA CAMP
491,LIBERIAN CAMP BUDUMBURAM,Weija,2025-07-27T17:02:30.164771,LIBERIAN CAMP BUDUMBURAM
492,M.HILLS,Weija,2025-07-27T17:02:30.165066,M.HILLS
493,"M24, MFRANO SUHUM",Weija,2025-07-27T17:02:30.164774,M24 MFRANO SUHUM
494,MACARTHEY HILL,Weija,2025-07-27T17:02:30.164776,MACARTHEY HILL
495,MACARTHY,Weija,2025-07-27T17:02:30.164778,MACARTHY
496,MACCARTHY,Weija,2025-07-27T17:02:30.164781,MACCARTHY
497,"MACCARTHY HILL , 13TH AVENUE",Weija,2025-07-27T17:02:30.164783,MACCARTHY HILL 13TH AVENUE
498,MACCATHARY,Weija,2025-07-27T17:02:30.164784,MACCATHARY
499,MADINA,Weija,2025-07-27T17:02:30.164786,MADINA
500,MADINA-NEW RD,Weija,2025-07-27T17:02:30.164788,MADINA NEW RD
501,MALLA,Weija,2025-07-27T17:02:30.164793,MALLA
502,MALLAM,Weija,2025-07-27T17:02:30.164801,MALLAM
503,MALLAM ABAASE,Weija,2025-07-27T17:02:30.164804,MALLAM ABAASE
504,"MALLAM 
ABAESE",Weija,2025-07-27T17:02:30.164806,MALLAM ABAESE
505,MALLAM ABASE,Weija,2025-07-27T17:02:30.164808,MALLAM ABASE
506,"MALLAM
ABEASE",Weija,2025-07-27T17:02:30.164815,MALLAM ABEASE
507,"MALLAM
AFTER CHURCH",Weija,2025-07-27T17:02:30.164822,MALLAM AFTER
508,MALLAM-BOLA RD,Weija,2025-07-27T17:02:30.164827,MALLAM BOLA RD
509,MALLAM -BOLLER ROAD,Weija,2025-07-27T17:02:30.164830,MALLAM BOLLER ROAD
510,MALLAM BORLA ROAD,Weija,2025-07-27T17:02:30.164832,MALLAM BORLA ROAD
511,"MALLAM
BORLA TOP",Weija,2025-07-27T17:02:30.164837,MALLAM BORLA TOP
512,MALLAM BULA  ROAD,Weija,2025-07-27T17:02:30.164839,MALLAM BULA ROAD
513,MALLAM BULLEYME TOP,Weija,2025-07-27T17:02:30.164842,MALLAM BULLEYME TOP
514,MALLAM-GBAWE,Weija,2025-07-27T17:02:30.164844,MALLAM GBAWE
515,MALLAM-GUINNESS DEPOT,Weija,2025-07-27T17:02:30.164847,MALLAM GUINNESS DEPOT
516,MALLAM IKE QUARTEY,Weija,2025-07-27T17:02:30.164851,MALLAM IKE QUARTEY
517,MALLAM-JULI KURT,Weija,2025-07-27T17:02:30.164856,MALLAM JULI KURT
518,MALLAM JULICART,Weija,2025-07-27T17:02:30.164853,MALLAM JULICART
519,MALLAM JULIKART,Weija,2025-07-27T17:02:30.164854,MALLAM JULIKART
520,"MALLAM
KOKROKO",Weija,2025-07-27T17:02:30.164866,MALLAM KOKROKO
521,"MALLAM, LAFA POLICE STATION",Weija,2025-07-27T17:02:30.164872,MALLAM LAFA POLICE STATION
522,MALLAM MARKET,Weija,2025-07-27T17:02:30.164876,MALLAM MARKET
523,MALLAM MASALASTI,Weija,2025-07-27T17:02:30.164888,MALLAM MASALASTI
524,MALLAM MASLACHI,Weija,2025-07-27T17:02:30.164889,MALLAM MASLACHI
525,MALLAM-NEW GBAWE,Weija,2025-07-27T17:02:30.164891,MALLAM NEW GBAWE
526,MALLAM OYENASI,Weija,2025-07-27T17:02:30.164893,MALLAM OYENASI
527,MALLAM STATION,Weija,2025-07-27T17:02:30.164896,MALLAM STATION
528,"MALLAM-STATION
50652/17
MR-12A-B7-89",Weija,2025-07-27T17:02:30.164899,MALLAM STATION 50652/17 MR 12A B7 89
529,MALLAMBORLA ROAD,Weija,2025-07-27T17:02:30.164835,MALLAMBORLA ROAD
530,MAMPONG,Weija,2025-07-27T17:02:30.164901,MAMPONG
531,MAMPONTENG,Weija,2025-07-27T17:02:30.164902,MAMPONTENG
532,MANDELLA GOSPEL LIGHT,Weija,2025-07-27T17:02:30.164904,MANDELLA GOSPEL LIGHT
533,MANGO LANE,Weija,2025-07-27T17:02:30.164909,MANGO LANE
534,MANGOASE-AWOSHIE,Weija,2025-07-27T17:02:30.164907,MANGOASE AWOSHIE
535,MANHEA PEACE VILLAGE,Weija,2025-07-27T17:02:30.164911,MANHEA PEACE VILLAGE
536,MATAHEKO-KUCHACHA,Weija,2025-07-27T17:02:30.164917,MATAHEKO KUCHACHA
537,"MATAHEKO, NEAR KANESHIE ZONGO JUNCTION",Weija,2025-07-27T17:02:30.164919,MATAHEKO NEAR KANESHIE ZONGO
538,MATAHEKO-RUSSIA,Weija,2025-07-27T17:02:30.164921,MATAHEKO RUSSIA
539,MC CARTHY,Weija,2025-07-27T17:02:30.164940,MC CARTHY
540,MC CARTHY HILL,Weija,2025-07-27T17:02:30.164976,MC CARTHY HILL
541,MC CARTY,Weija,2025-07-27T17:02:30.165034,MC CARTY
542,MCARTHY PENTECOST,Weija,2025-07-27T17:02:30.164922,MCARTHY PENTECOST
543,MCARTHY TOP,Weija,2025-07-27T17:02:30.164924,MCARTHY TOP
544,"MCCACRTHY HILL , AROUND BLACK RASTA",Weija,2025-07-27T17:02:30.164925,MCCACRTHY HILL AROUND BLACK RASTA
545,MCCARHTY HILL DOWN,Weija,2025-07-27T17:02:30.164927,MCCARHTY HILL DOWN
546,MCCARTH,Weija,2025-07-27T17:02:30.164931,MCCARTH
547,"MCCARTH HILL
8TH AVENUE",Weija,2025-07-27T17:02:30.164933,MCCARTH HILL 8TH AVENUE
548,MCCARTHY,Weija,2025-07-27T17:02:30.164945,MCCARTHY
549,"MCCARTHY
13TH AVENUE",Weija,2025-07-27T17:02:30.164949,MCCARTHY 13TH AVENUE
550,MCCARTHY 4 AVENU,Weija,2025-07-27T17:02:30.164954,MCCARTHY 4 AVENU
551,MCCARTHY 4TH AVENUE,Weija,2025-07-27T17:02:30.164955,MCCARTHY 4TH AVENUE
552,MCCARTHY BENJYS DOWN,Weija,2025-07-27T17:02:30.164959,MCCARTHY BENJYS DOWN
553,MCCARTHY BORLA ROAD,Weija,2025-07-27T17:02:30.164960,MCCARTHY BORLA ROAD
554,"MCCARTHY
CATHOLIC CHURCH",Weija,2025-07-27T17:02:30.164962,MCCARTHY CATHOLIC
555,MCCARTHY DOWN,Weija,2025-07-27T17:02:30.164967,MCCARTHY DOWN
556,MCCARTHY HILL,Weija,2025-07-27T17:02:30.164978,MCCARTHY HILL
557,MCCARTHY  HILL 10 AVE,Weija,2025-07-27T17:02:30.164983,MCCARTHY HILL 10 AVE
558,MCCARTHY HILL 10TH AVENUE,Weija,2025-07-27T17:02:30.164984,MCCARTHY HILL 10TH AVENUE
559,MCCARTHY  HILL  -4TH  AVENUE,Weija,2025-07-27T17:02:30.164990,MCCARTHY HILL 4TH AVENUE
560,"MCCARTHY HILL , BENJYS",Weija,2025-07-27T17:02:30.164995,MCCARTHY HILL BENJYS
561,MCCARTHY HILL BREEZE FM,Weija,2025-07-27T17:02:30.164997,MCCARTHY HILL BREEZE FM
562,"MCCARTHY HILL , DOWN",Weija,2025-07-27T17:02:30.164998,MCCARTHY HILL DOWN
563,"MCCARTHY HILL , HILL VIEW HOTEL",Weija,2025-07-27T17:02:30.165003,MCCARTHY HILL HILL VIEW HOTEL
564,MCCARTHY  HILL  - JAYEE,Weija,2025-07-27T17:02:30.165007,MCCARTHY HILL JAYEE
565,"MCCARTHY HILL , LAST STOP",Weija,2025-07-27T17:02:30.165010,MCCARTHY HILL LAST STOP
566,MCCARTHY HILL-MENSKROM,Weija,2025-07-27T17:02:30.165012,MCCARTHY HILL MENSKROM
567,"MCCARTHY HILL , TOP",Weija,2025-07-27T17:02:30.165013,MCCARTHY HILL TOP
568,"MCCARTHY
LAST STOP",Weija,2025-07-27T17:02:30.165017,MCCARTHY LAST STOP
569,"MCCARTHY- LAST STOP
OCEAN LOOKOUT",Weija,2025-07-27T17:02:30.165020,MCCARTHY LAST STOP OCEAN LOOKOUT
570,MCCARTHY MANGOLINE,Weija,2025-07-27T17:02:30.165022,MCCARTHY MANGOLINE
571,MCCARTHY SPACE LOOK,Weija,2025-07-27T17:02:30.165029,MCCARTHY SPACE LOOK
572,MCCARTHY TOP,Weija,2025-07-27T17:02:30.165030,MCCARTHY TOP
573,"MCCARTHYHILL , TOP",Weija,2025-07-27T17:02:30.165015,MCCARTHYHILL TOP
574,MCCARTHYY. LOUIS,Weija,2025-07-27T17:02:30.165032,MCCARTHYY. LOUIS
575,"MCCARTYH HILL
4TH AVENUE",Weija,2025-07-27T17:02:30.165035,MCCARTYH HILL 4TH AVENUE
576,MCCATHY,Weija,2025-07-27T17:02:30.165037,MCCATHY
577,MCCATHY 4TH AVENUE,Weija,2025-07-27T17:02:30.165039,MCCATHY 4TH AVENUE
578,MCCATHY DOWN,Weija,2025-07-27T17:02:30.165040,MCCATHY DOWN
579,MCCCARTHY,Weija,2025-07-27T17:02:30.165044,MCCCARTHY
580,MCcarthy HILL JAYEE,Weija,2025-07-27T17:02:30.165005,MCcarthy HILL JAYEE
581,MEDIE,Weija,2025-07-27T17:02:30.165051,MEDIE
582,MELENUM CITY SETER 4,Weija,2025-07-27T17:02:30.165053,MELENUM CITY SETER 4
583,MENDS KROM,Weija,2025-07-27T17:02:30.165056,MENDS KROM
584,MENDSKROM,Weija,2025-07-27T17:02:30.165058,MENDSKROM
585,MENSKROM,Weija,2025-07-27T17:02:30.165059,MENSKROM
586,"MENSKROM,NEAR PAMBROS",Weija,2025-07-27T17:02:30.165062,MENSKROM NEAR PAMBROS
587,MENZKROM,Weija,2025-07-27T17:02:30.165064,MENZKROM
588,MILE 11,Weija,2025-07-27T17:02:30.165069,MILE 11
589,"MILE 11 , FINNEY HOSPITAL - WEIJA",Weija,2025-07-27T17:02:30.165073,MILE 11 FINNEY HOSPITAL WEIJA
590,MILLE  11,Weija,2025-07-27T17:02:30.165076,MILLE 11
591,MUMFORD APAM,Weija,2025-07-27T17:02:30.165078,MUMFORD APAM
592,Mallam,Weija,2025-07-27T17:02:30.164799,Mallam
593,Marcathy Hill,Weija,2025-07-27T17:02:30.164914,Marcathy Hill
594,McCARTHY 18 AVENUE,Weija,2025-07-27T17:02:30.164950,McCARTHY 18 AVENUE
595,McCARTHY 20TH AVENUE,Weija,2025-07-27T17:02:30.164952,McCARTHY 20TH AVENUE
596,"McCARTHY HILL, 4, 9TH AVENUE",Weija,2025-07-27T17:02:30.164986,McCARTHY HILL 4 9TH AVENUE
597,McCARTHY OPPOSITE RESEVOIR,Weija,2025-07-27T17:02:30.165023,McCARTHY OPPOSITE RESEVOIR
598,McCHARTHY DOWN,Weija,2025-07-27T17:02:30.165048,McCHARTHY DOWN
599,McCarthy,Weija,2025-07-27T17:02:30.164938,McCarthy
600,McCarthy hill,Weija,2025-07-27T17:02:30.164974,McCarthy hill
601,Mccarthy,Weija,2025-07-27T17:02:30.164936,Mccarthy
602,Mccarthy down,Weija,2025-07-27T17:02:30.164965,Mccarthy down
603,Mends,Weija,2025-07-27T17:02:30.165054,Mends
604,Mile 11,Weija,2025-07-27T17:02:30.165067,Mile 11
605,NEW APLAKU,Weija,2025-07-27T17:02:30.165081,NEW APLAKU
606,"NEW APLAKU , BLOCK FACTORY",Weija,2025-07-27T17:02:30.165085,NEW APLAKU BLOCK FACTORY
607,"NEW APLAKU
BLOCKFACTORY",Weija,2025-07-27T17:02:30.165083,NEW APLAKU BLOCKFACTORY
608,"NEW APLAKU
TOP",Weija,2025-07-27T17:02:30.165086,NEW APLAKU TOP
609,"NEW BORTIAN
GOLDEN VALLEYOR",Weija,2025-07-27T17:02:30.165088,NEW BORTIAN GOLDEN VALLEYOR
610,NEW BORTIANO,Weija,2025-07-27T17:02:30.165091,NEW BORTIANO
611,NEW BORTIANO-MILE 11,Weija,2025-07-27T17:02:30.165094,NEW BORTIANO MILE 11
612,"NEW BORTIANOE
ROUNDABUT DOWN",Weija,2025-07-27T17:02:30.165093,NEW BORTIANOE ROUNDABUT DOWN
613,NEW BORTIANOR,Weija,2025-07-27T17:02:30.165098,NEW BORTIANOR
614,NEW BORTIANOR-ADANSEMAN,Weija,2025-07-27T17:02:30.165107,NEW BORTIANOR ADANSEMAN
615,NEW BORTIANOR-AYEGBE TOWN,Weija,2025-07-27T17:02:30.165108,NEW BORTIANOR AYEGBE TOWN
616,"NEW BORTIANOR
AYIGBE TOWN",Weija,2025-07-27T17:02:30.165110,NEW BORTIANOR AYIGBE TOWN
617,"NEW BORTIANOR , BOJO BEACH",Weija,2025-07-27T17:02:30.165115,NEW BORTIANOR BOJO BEACH
618,NEW BORTIANOR-BROADCASTLING,Weija,2025-07-27T17:02:30.165137,NEW BORTIANOR BROADCASTLING
619,"NEW BORTIANOR , LAS VEGAS",Weija,2025-07-27T17:02:30.165139,NEW BORTIANOR LAS VEGAS
620,"NEW BORTIANOR , MILE 11",Weija,2025-07-27T17:02:30.165141,NEW BORTIANOR MILE 11
621,NEW BORTIANOR-SHOP RITE,Weija,2025-07-27T17:02:30.165145,NEW BORTIANOR SHOP RITE
622,NEW BORTIANORBROADCASTING,Weija,2025-07-27T17:02:30.165136,NEW BORTIANORBROADCASTING
623,NEW-BORTINOR,Weija,2025-07-27T17:02:30.165147,NEW BORTINOR
624,NEW   BOTIANOR,Weija,2025-07-27T17:02:30.165149,NEW BOTIANOR
625,NEW GBAWE,Weija,2025-07-27T17:02:30.165154,NEW GBAWE
626,"NEW GBAWE , AFTER CHURCH",Weija,2025-07-27T17:02:30.165162,NEW GBAWE AFTER
627,NEW GBAWE-AGGREY MO,Weija,2025-07-27T17:02:30.165166,NEW GBAWE AGGREY MO
628,"NEW GBAWE, CLINIC",Weija,2025-07-27T17:02:30.165170,NEW GBAWE CLINIC
629,"NEW GBAWE , TIME SPOT",Weija,2025-07-27T17:02:30.165174,NEW GBAWE TIME SPOT
630,NEW GBAWE WEMBLEY,Weija,2025-07-27T17:02:30.165178,NEW GBAWE WEMBLEY
631,"NEW GBAWOE, MALLAM",Weija,2025-07-27T17:02:30.165181,NEW GBAWOE MALLAM
632,"NEW RUSSIA 
DANSOMAN",Weija,2025-07-27T17:02:30.165196,NEW RUSSIA DANSOMAN
633,NEW WEIJA,Weija,2025-07-27T17:02:30.165198,NEW WEIJA
634,"NEW WEIJA , CHOICE",Weija,2025-07-27T17:02:30.165200,NEW WEIJA CHOICE
635,"NEW WEIJA,OLD BARRIER",Weija,2025-07-27T17:02:30.165209,NEW WEIJA OLD BARRIER
636,"NEW WEIJA
ROMAN SCHOOL",Weija,2025-07-27T17:02:30.165211,NEW WEIJA ROMAN SCHOOL
637,"NEW WEIJA
UPWARD KINGDOM CHURCH",Weija,2025-07-27T17:02:30.165213,NEW WEIJA UPWARD KINGDOM
638,NEWBORTIANOR,Weija,2025-07-27T17:02:30.165105,NEWBORTIANOR
639,NII BOI TOWN,Weija,2025-07-27T17:02:30.165220,NII BOI TOWN
640,NKWANTANANG,Weija,2025-07-27T17:02:30.165221,NKWANTANANG
641,"NO 8, 1ST STREETMCCARTHY HILL",Weija,2025-07-27T17:02:30.165225,NO 8 1ST STREETMCCARTHY HILL
642,NORTH KANAESHIE LAST STOP,Weija,2025-07-27T17:02:30.165227,NORTH KANAESHIE LAST STOP
643,NORTH KANESHIE,Weija,2025-07-27T17:02:30.165229,NORTH KANESHIE
644,"NORTH KANESHIE
DEMOND",Weija,2025-07-27T17:02:30.165230,NORTH KANESHIE DEMOND
645,NORTH KANESHIE-SWANLINK,Weija,2025-07-27T17:02:30.165232,NORTH KANESHIE SWANLINK
646,NIC,Weija,2025-07-27T17:02:30.165215,NSAKINA
647,NIC -ABLEKUMA,Weija,2025-07-27T17:02:30.165216,NSAKINA ABLEKUMA
648,NIC-AWOSHIE,Weija,2025-07-27T17:02:30.165218,NSAKINA AWOSHIE
649,NSAWAM,Weija,2025-07-27T17:02:30.165235,NSAWAM
650,"NSAWAM , AROUND CHINA MALL",Weija,2025-07-27T17:02:30.165237,NSAWAM AROUND CHINA MALL
651,NUNGUA,Weija,2025-07-27T17:02:30.165240,NUNGUA
652,"NWE GBAWE
CP",Weija,2025-07-27T17:02:30.165242,NWE GBAWE CP
653,NYAMEKYE NEAR MAB HOSPITAL,Weija,2025-07-27T17:02:30.165244,NYAMEKYE NEAR MAB HOSPITAL
654,"NYAMESTE 
LAPAZ",Weija,2025-07-27T17:02:30.165245,NYAMESTE LAPAZ
655,NYANYANO,Weija,2025-07-27T17:02:30.165247,NYANYANO
656,NYENYANYO,Weija,2025-07-27T17:02:30.165249,NYENYANYO
657,OBLOGO,Weija,2025-07-27T17:02:30.165254,OBLOGO
658,"OBLOGO , AROUND PALACE",Weija,2025-07-27T17:02:30.165256,OBLOGO AROUND PALACE
659,"OBLOGO , BEHIND THE GOVT SCHOOL",Weija,2025-07-27T17:02:30.165258,OBLOGO BEHIND THE GOVT SCHOOL
660,OBLOGO -CHAKA,Weija,2025-07-27T17:02:30.165259,OBLOGO CHAKA
661,"OBLOGO-ITS RD
24329/21",Weija,2025-07-27T17:02:30.165263,OBLOGO ITS RD 24329/21
662,OBLOGO  -MANCHESTA,Weija,2025-07-27T17:02:30.165267,OBLOGO MANCHESTA
663,"OBLOGO
MANCHESTER",Weija,2025-07-27T17:02:30.165269,OBLOGO MANCHESTER
664,"OBLOGO , OMEGA",Weija,2025-07-27T17:02:30.165272,OBLOGO OMEGA
665,OBLOGO-SCHOOL,Weija,2025-07-27T17:02:30.165275,OBLOGO SCHOOL
666,"OBLOGO
STONE QUGUIRE",Weija,2025-07-27T17:02:30.165277,OBLOGO STONE QUGUIRE
667,"OBLOGO 
TOP BASE",Weija,2025-07-27T17:02:30.165279,OBLOGO TOP BASE
668,OBLOGO TOPBASE,Weija,2025-07-27T17:02:30.165282,OBLOGO TOPBASE
669,"OBLOGO
WAREHOUSE",Weija,2025-07-27T17:02:30.165284,OBLOGO WAREHOUSE
670,OBOLOGO,Weija,2025-07-27T17:02:30.165289,OBOLOGO
671,OBOM ROAD,Weija,2025-07-27T17:02:30.165291,OBOM ROAD
672,OBULEME,Weija,2025-07-27T17:02:30.165292,OBULEME
673,ODOKOR,Weija,2025-07-27T17:02:30.165295,ODOKOR
674,ODOKOR MAKRT,Weija,2025-07-27T17:02:30.165297,ODOKOR MAKRT
675,ODORKO,Weija,2025-07-27T17:02:30.165299,ODORKO
676,"ODORKO , OFFICIAL TOWN",Weija,2025-07-27T17:02:30.165301,ODORKO OFFICIAL TOWN
677,ODORKOR,Weija,2025-07-27T17:02:30.165307,ODORKOR
678,ODORKOR-4 N 5,Weija,2025-07-27T17:02:30.165311,ODORKOR 4 N 5
679,ODORKOR-ALI PARK,Weija,2025-07-27T17:02:30.165312,ODORKOR ALI PARK
680,"ODORKOR  - 
BUSIA",Weija,2025-07-27T17:02:30.165314,ODORKOR BUSIA
681,ODORKOR -BUSSIA,Weija,2025-07-27T17:02:30.165324,ODORKOR BUSSIA
682,ODORKOR CHABAA,Weija,2025-07-27T17:02:30.165326,ODORKOR CHABAA
683,ODORKOR DRIVING SCHOOL,Weija,2025-07-27T17:02:30.165328,ODORKOR DRIVING SCHOOL
684,ODORKOR DRIVNG SCH,Weija,2025-07-27T17:02:30.165332,ODORKOR DRIVNG SCH
685,"ODORKOR , GLORY LAND",Weija,2025-07-27T17:02:30.165333,ODORKOR GLORY LAND
686,ODORKOR MAIN STATION,Weija,2025-07-27T17:02:30.165338,ODORKOR MAIN STATION
687,ODORKOR MARKET,Weija,2025-07-27T17:02:30.165340,ODORKOR MARKET
688,ODORKOR OFF TOWN,Weija,2025-07-27T17:02:30.165351,ODORKOR OFF TOWN
689,ODORKOR  OFFICIAL TOWN,Weija,2025-07-27T17:02:30.165346,ODORKOR OFFICIAL TOWN
690,"ODORKOR
OFFTOWN",Weija,2025-07-27T17:02:30.165349,ODORKOR OFFTOWN
691,"ODORKOR , OTATEI",Weija,2025-07-27T17:02:30.165352,ODORKOR OTATEI
692,ODORKOR POLICE STATION,Weija,2025-07-27T17:02:30.165354,ODORKOR POLICE STATION
693,"ODORKOR
STATION",Weija,2025-07-27T17:02:30.165355,ODORKOR STATION
694,ODORKOR-TECHNO,Weija,2025-07-27T17:02:30.165359,ODORKOR TECHNO
695,ODORKOR-TECNO,Weija,2025-07-27T17:02:30.165360,ODORKOR TECNO
696,ODORKOR TERRAZO,Weija,2025-07-27T17:02:30.165362,ODORKOR TERRAZO
697,"ODORKOR ,TIPA",Weija,2025-07-27T17:02:30.165364,ODORKOR TIPA
698,ODORKOR TIPPER,Weija,2025-07-27T17:02:30.165370,ODORKOR TIPPER
699,ODORKOR TROTRO STATION,Weija,2025-07-27T17:02:30.165374,ODORKOR TROTRO STATION
700,ODORKOR-TWEMAME,Weija,2025-07-27T17:02:30.165375,ODORKOR TWEMAME
701,ODORKOR-TWENEBOAH,Weija,2025-07-27T17:02:30.165377,ODORKOR TWENEBOAH
702,ODORKOR TWIMAAMI,Weija,2025-07-27T17:02:30.165379,ODORKOR TWIMAAMI
703,"ODORKOR, WATER WORKS",Weija,2025-07-27T17:02:30.165383,ODORKOR WATER WORKS
704,ODORKOR. GLORYLAND,Weija,2025-07-27T17:02:30.165337,ODORKOR. GLORYLAND
705,ODUMAN,Weija,2025-07-27T17:02:30.165384,ODUMAN
706,"ODUMAN NEAR CHURCH OFCHRIST
ABLEKUMA",Weija,2025-07-27T17:02:30.165386,ODUMAN NEAR
707,ODUMANSE,Weija,2025-07-27T17:02:30.165388,ODUMANSE
708,"OFANKOR
AMASAMAN",Weija,2025-07-27T17:02:30.165391,OFANKOR AMASAMAN
709,"OFANKOR
ASOFAA",Weija,2025-07-27T17:02:30.165393,OFANKOR ASOFAA
710,OFANKOR-KASOA,Weija,2025-07-27T17:02:30.165394,OFANKOR KASOA
711,OFANKOR PAPASI,Weija,2025-07-27T17:02:30.165396,OFANKOR PAPASI
712,OFORIKROM,Weija,2025-07-27T17:02:30.165398,OFORIKROM
713,OLB BARRIER,Weija,2025-07-27T17:02:30.165399,OLB BARRIER
714,OLD BARRER,Weija,2025-07-27T17:02:30.165401,OLD BARRER
715,OLD BARRIER,Weija,2025-07-27T17:02:30.165404,OLD BARRIER
716,"OLD BARRIER
ASH BREAD",Weija,2025-07-27T17:02:30.165407,OLD BARRIER ASH BREAD
717,OLD BARRIER DAMTOWN,Weija,2025-07-27T17:02:30.165412,OLD BARRIER DAMTOWN
718,"OLD BARRIER , MODEX",Weija,2025-07-27T17:02:30.165414,OLD BARRIER MODEX
719,OLD BARRIER NEAR MODEST,Weija,2025-07-27T17:02:30.165416,OLD BARRIER NEAR MODEST
720,OLD BARRIER SAMPA VALLEY,Weija,2025-07-27T17:02:30.165417,OLD BARRIER SAMPA VALLEY
721,"OLD BARRIER
SCC",Weija,2025-07-27T17:02:30.165419,OLD BARRIER SCC
722,OLD BARRIER STAR OIL,Weija,2025-07-27T17:02:30.165421,OLD BARRIER STAR OIL
723,"OLD BARRIER , STATION",Weija,2025-07-27T17:02:30.165422,OLD BARRIER STATION
724,OLD BARRIER WEIJA,Weija,2025-07-27T17:02:30.165424,OLD BARRIER WEIJA
725,OLD BORTIANOR,Weija,2025-07-27T17:02:30.165430,OLD BORTIANOR
726,"OLD BORTIANOR
METHODIST",Weija,2025-07-27T17:02:30.165431,OLD BORTIANOR METHODIST
727,OLD BORTIANOR OMEGA,Weija,2025-07-27T17:02:30.165435,OLD BORTIANOR OMEGA
728,OLEBU,Weija,2025-07-27T17:02:30.165438,OLEBU
729,OLEBU  -ABLEKUMA,Weija,2025-07-27T17:02:30.165442,OLEBU ABLEKUMA
730,OLEBU ABLEKUMAH,Weija,2025-07-27T17:02:30.165446,OLEBU ABLEKUMAH
731,"OLEBU
VICOLIS",Weija,2025-07-27T17:02:30.165447,OLEBU VICOLIS
732,OMANJOR,Weija,2025-07-27T17:02:30.165449,OMANJOR
733,OMANJOR ABLEKUMA,Weija,2025-07-27T17:02:30.165451,OMANJOR ABLEKUMA
734,"ONYINASE
LANE14",Weija,2025-07-27T17:02:30.165452,ONYINASE LANE14
735,OPEIKUMAH,Weija,2025-07-27T17:02:30.165454,OPEIKUMAH
736,ORDORKOR -WATER  WORKS,Weija,2025-07-27T17:02:30.165456,ORDORKOR WATER WORKS
737,OSHIEE,Weija,2025-07-27T17:02:30.165457,OSHIEE
738,OSU-XYZ TV,Weija,2025-07-27T17:02:30.165459,OSU XYZ TV
739,OTAMESS,Weija,2025-07-27T17:02:30.165461,OTAMESS
740,OTEBU,Weija,2025-07-27T17:02:30.165462,OTEBU
741,Odorkor,Weija,2025-07-27T17:02:30.165306,Odorkor
742,Ofankor,Weija,2025-07-27T17:02:30.165389,Ofankor
743,PALAS TOWN,Weija,2025-07-27T17:02:30.165467,PALAS TOWN
744,PAMBROS,Weija,2025-07-27T17:02:30.165471,PAMBROS
745,PAMBROSE,Weija,2025-07-27T17:02:30.165472,PAMBROSE
746,POKUASE ADUMAN,Weija,2025-07-27T17:02:30.165476,POKUASE ADUMAN
747,"POKUASE , DENYO",Weija,2025-07-27T17:02:30.165477,POKUASE DENYO
748,POKUASI,Weija,2025-07-27T17:02:30.165480,POKUASI
749,PRAMSO,Weija,2025-07-27T17:02:30.165482,PRAMSO
750,RACE CAUSE,Weija,2025-07-27T17:02:30.165484,RACE CAUSE
751,RED TOP,Weija,2025-07-27T17:02:30.165485,RED TOP
752,"RED TOP 
SCC",Weija,2025-07-27T17:02:30.165487,RED TOP SCC
753,"RED TOP
WEIJA",Weija,2025-07-27T17:02:30.165489,RED TOP WEIJA
754,RESURRECTION CHURCH,Weija,2025-07-27T17:02:30.165491,RESURRECTION
755,S.C.C,Weija,2025-07-27T17:02:30.165558,S.C.C
756,SAKAMA,Weija,2025-07-27T17:02:30.165492,SAKAMA
757,SAKAMAN,Weija,2025-07-27T17:02:30.165496,SAKAMAN
758,"SAKAMAN , AROUND OSEI KWAME - TIPPER",Weija,2025-07-27T17:02:30.165498,SAKAMAN AROUND OSEI KWAME TIPPER
759,"SAKAMAN
MALLAM MARKET",Weija,2025-07-27T17:02:30.165499,SAKAMAN MALLAM MARKET
760,SAMPA VALLEY,Weija,2025-07-27T17:02:30.165501,SAMPA VALLEY
761,SAMPA VALLEY-MCCARTHY,Weija,2025-07-27T17:02:30.165503,SAMPA VALLEY MCCARTHY
762,"SAMPA VALLEY
NEW GENERATION SCHOOL",Weija,2025-07-27T17:02:30.165504,SAMPA VALLEY NEW GENERATION SCHOOL
763,SAMPA VALLEY WEIJA,Weija,2025-07-27T17:02:30.165506,SAMPA VALLEY WEIJA
764,SANT MARIA,Weija,2025-07-27T17:02:30.165550,SANT MARIA
765,SANTA  MARIA,Weija,2025-07-27T17:02:30.165508,SANTA MARIA
766,"SANTA MARIA , A-LANG",Weija,2025-07-27T17:02:30.165517,SANTA MARIA A LANG
767,SANTA MARIA ABUOYA,Weija,2025-07-27T17:02:30.165514,SANTA MARIA ABUOYA
768,SANTA MARIA ABUYA,Weija,2025-07-27T17:02:30.165516,SANTA MARIA ABUYA
769,"SANTA MARIA , AROUND ABU YAA",Weija,2025-07-27T17:02:30.165521,SANTA MARIA AROUND ABU YAA
770,SANTA MARIA-AU AKU,Weija,2025-07-27T17:02:30.165522,SANTA MARIA AU AKU
771,"SANTA MARIA, AUNTY EKU",Weija,2025-07-27T17:02:30.165526,SANTA MARIA AUNTY EKU
772,"SANTA MARIA
BLUE KIOSK",Weija,2025-07-27T17:02:30.165528,SANTA MARIA BLUE KIOSK
773,"SANTA MARIA
DRUG STORE",Weija,2025-07-27T17:02:30.165533,SANTA MARIA DRUG STORE
774,"SANTA MARIA
LAST STOP",Weija,2025-07-27T17:02:30.165538,SANTA MARIA LAST STOP
775,SANTA MARIA-NII DODOO,Weija,2025-07-27T17:02:30.165540,SANTA MARIA NII DODOO
776,SANTA MARIA  TAXI RANK,Weija,2025-07-27T17:02:30.165541,SANTA MARIA TAXI RANK
777,SANTA MARIA-WASHING BASE,Weija,2025-07-27T17:02:30.165543,SANTA MARIA WASHING BASE
778,SANTA MARIA-WASHING BAY,Weija,2025-07-27T17:02:30.165545,SANTA MARIA WASHING BAY
779,SANTA MARIE,Weija,2025-07-27T17:02:30.165546,SANTA MARIE
780,SANTA MRIA-JAYLOVE,Weija,2025-07-27T17:02:30.165548,SANTA MRIA JAYLOVE
781,SANTAMARIA,Weija,2025-07-27T17:02:30.165512,SANTAMARIA
782,SANY COAST,Weija,2025-07-27T17:02:30.165551,SANY COAST
783,SCC,Weija,2025-07-27T17:02:30.165560,SCC
784,SCC ADB BANK,Weija,2025-07-27T17:02:30.165565,SCC ADB BANK
785,"SCC
APOSTLIC CHURCH",Weija,2025-07-27T17:02:30.165567,SCC APOSTLIC
786,SCC-ATTAH MOSES,Weija,2025-07-27T17:02:30.165568,SCC ATTAH MOSES
787,"SCC
AZUMA",Weija,2025-07-27T17:02:30.165570,SCC AZUMA
788,SCC AZUMAH,Weija,2025-07-27T17:02:30.165572,SCC AZUMAH
789,SCC BLOCK FACTORY,Weija,2025-07-27T17:02:30.165573,SCC BLOCK FACTORY
790,"SCC, BROADCASTING",Weija,2025-07-27T17:02:30.165575,SCC BROADCASTING
791,"SCC
DVLA",Weija,2025-07-27T17:02:30.165577,SCC DVLA
792,"SCC
GOSPEL LIGHT",Weija,2025-07-27T17:02:30.165580,SCC GOSPEL LIGHT
793,SCC- INSIDE,Weija,2025-07-27T17:02:30.165582,SCC INSIDE
794,SCC MANDELA,Weija,2025-07-27T17:02:30.165585,SCC MANDELA
795,"SCC,MANDELA NO 7",Weija,2025-07-27T17:02:30.165587,SCC MANDELA NO 7
796,SCC NEAR MELCOM,Weija,2025-07-27T17:02:30.165588,SCC NEAR MELCOM
797,"SCC , O6",Weija,2025-07-27T17:02:30.165590,SCC O6
798,SCC -PENTECOST  JUNCTION,Weija,2025-07-27T17:02:30.165593,SCC PENTECOST
799,SCC PENTECOST CAMP,Weija,2025-07-27T17:02:30.165592,SCC PENTECOST CAMP
800,SCC POLICE STATION,Weija,2025-07-27T17:02:30.165595,SCC POLICE STATION
801,SCC-RED TOP,Weija,2025-07-27T17:02:30.165598,SCC RED TOP
802,SCC STAR FILLING OPP,Weija,2025-07-27T17:02:30.165600,SCC STAR FILLING OPP
803,SCC-TOP RED,Weija,2025-07-27T17:02:30.165601,SCC TOP RED
804,SCC UCOMS,Weija,2025-07-27T17:02:30.165603,SCC UCOMS
805,SCC-WEIJA,Weija,2025-07-27T17:02:30.165607,SCC WEIJA
806,SECONDI,Weija,2025-07-27T17:02:30.165610,SECONDI
807,SEDAS HSE,Weija,2025-07-27T17:02:30.165612,SEDAS HSE
808,SHOP PRITE,Weija,2025-07-27T17:02:30.165614,SHOP PRITE
809,SOUTH MCCARTHY,Weija,2025-07-27T17:02:30.165617,SOUTH MCCARTHY
810,SOUTH MCCATHY,Weija,2025-07-27T17:02:30.165621,SOUTH MCCATHY
811,SOUTH -ODORKOR,Weija,2025-07-27T17:02:30.165623,SOUTH ODORKOR
812,SOWTUOWM,Weija,2025-07-27T17:02:30.165631,SOWTUOWM
813,SOWUTEIM,Weija,2025-07-27T17:02:30.165632,SOWUTEIM
814,SOWUTOUM,Weija,2025-07-27T17:02:30.165634,SOWUTOUM
815,SOWUTOUM-CHOP BAR,Weija,2025-07-27T17:02:30.165635,SOWUTOUM CHOP BAR
816,SOWUTOUM-LAST STOP,Weija,2025-07-27T17:02:30.165637,SOWUTOUM LAST STOP
817,SOWUTUM,Weija,2025-07-27T17:02:30.165639,SOWUTUM
818,SOWUTUOIMU,Weija,2025-07-27T17:02:30.165642,SOWUTUOIMU
819,SOWUTUOM,Weija,2025-07-27T17:02:30.165648,SOWUTUOM
820,"SOWUTUOM
CHOP BAR",Weija,2025-07-27T17:02:30.165653,SOWUTUOM CHOP BAR
821,"SOWUTUOM
GIGAH JNC",Weija,2025-07-27T17:02:30.165656,SOWUTUOM GIGAH JNC
822,SOWUTUOM HEAVEN CHURCH,Weija,2025-07-27T17:02:30.165658,SOWUTUOM HEAVEN
823,"SOWUTUOM, LAST STOP",Weija,2025-07-27T17:02:30.165659,SOWUTUOM LAST STOP
824,SOWUTUOM OLD POLICE STATION,Weija,2025-07-27T17:02:30.165661,SOWUTUOM OLD POLICE STATION
825,"SOWUTUOM , OMANJOR",Weija,2025-07-27T17:02:30.165663,SOWUTUOM OMANJOR
826,SOWUTUOM -POLO JUNCTION,Weija,2025-07-27T17:02:30.165664,SOWUTUOM POLO
827,SOWUTUOM  ROMAN HILL,Weija,2025-07-27T17:02:30.165666,SOWUTUOM ROMAN HILL
828,SOWUTUOM STATION,Weija,2025-07-27T17:02:30.165668,SOWUTUOM STATION
829,"SOWUTUOM
VRA",Weija,2025-07-27T17:02:30.165669,SOWUTUOM VRA
830,SPINTEX,Weija,2025-07-27T17:02:30.165671,SPINTEX
831,ST ANTHONY ODOKOR,Weija,2025-07-27T17:02:30.165678,ST ANTHONY ODOKOR
832,SUKURA,Weija,2025-07-27T17:02:30.165680,SUKURA
833,"SUKURA ,TAXI RANK",Weija,2025-07-27T17:02:30.165682,SUKURA TAXI RANK
834,SUTESCO AMOAH AWUAH HSE.,Weija,2025-07-27T17:02:30.165683,SUTESCO AMOAH AWUAH HSE.
835,SWOTUOM POLO JUN,Weija,2025-07-27T17:02:30.165685,SWOTUOM POLO JUN
836,Scc,Weija,2025-07-27T17:02:30.165557,Scc
837,TABORA ALHAJI,Weija,2025-07-27T17:02:30.165690,TABORA ALHAJI
838,TABORA CHANTAN,Weija,2025-07-27T17:02:30.165692,TABORA CHANTAN
839,"TABORA 
ISRAEL",Weija,2025-07-27T17:02:30.165693,TABORA ISRAEL
840,TANTRA HILL,Weija,2025-07-27T17:02:30.165695,TANTRA HILL
841,TATAGU,Weija,2025-07-27T17:02:30.165697,TATAGU
842,TATOP,Weija,2025-07-27T17:02:30.165698,TATOP
843,"TATOP
ICGC CHURCH",Weija,2025-07-27T17:02:30.165700,TATOP ICGC
844,"TATOP, WEIJA",Weija,2025-07-27T17:02:30.165702,TATOP WEIJA
845,TEMA,Weija,2025-07-27T17:02:30.165703,TEMA
846,TEMA COM 7,Weija,2025-07-27T17:02:30.165705,TEMA COM 7
847,"TEMA , COMM 18",Weija,2025-07-27T17:02:30.165707,TEMA COMM 18
848,TEMA COMM 7 MOSQUE,Weija,2025-07-27T17:02:30.165710,TEMA COMM 7 MOSQUE
849,TEMA COMM.5,Weija,2025-07-27T17:02:30.165708,TEMA COMM.5
850,TENTRA HILL,Weija,2025-07-27T17:02:30.165712,TENTRA HILL
851,TESHIE LASCARA,Weija,2025-07-27T17:02:30.165713,TESHIE LASCARA
852,TETEGU,Weija,2025-07-27T17:02:30.165719,TETEGU
853,TETEGU-2ND TRANSFORMAER,Weija,2025-07-27T17:02:30.165721,TETEGU 2ND TRANSFORMAER
854,TETEGU  GAS,Weija,2025-07-27T17:02:30.165722,TETEGU GAS
855,"TETEGU
GAS FILING STATION",Weija,2025-07-27T17:02:30.165724,TETEGU GAS FILING STATION
856,"TETEGU , HOLY CROSS",Weija,2025-07-27T17:02:30.165726,TETEGU HOLY CROSS
857,"TETEGU-HOLY CROSS
20197/17
MR-9A-F2-32",Weija,2025-07-27T17:02:30.165729,TETEGU HOLY CROSS 20197/17 MR 9A F2 32
858,TETEGU-HOLY CROSS SCH,Weija,2025-07-27T17:02:30.165731,TETEGU HOLY CROSS SCH
859,TETEGU INSIDE,Weija,2025-07-27T17:02:30.165735,TETEGU INSIDE
860,TETEGU-JUNCTN NEW SITE,Weija,2025-07-27T17:02:30.165736,TETEGU JUNCTN NEW SITE
861,TETEGU MAYAMI CITY,Weija,2025-07-27T17:02:30.165740,TETEGU MAYAMI CITY
862,TETEGU  MIAMI,Weija,2025-07-27T17:02:30.165741,TETEGU MIAMI
863,TETEGU-NEAR HOLY CROSS SCH,Weija,2025-07-27T17:02:30.165743,TETEGU NEAR HOLY CROSS SCH
864,TETEGU-NEW SITE,Weija,2025-07-27T17:02:30.165745,TETEGU NEW SITE
865,TETEGU-OBOLO SITE,Weija,2025-07-27T17:02:30.165746,TETEGU OBOLO SITE
866,"TETEGU , OPP AGGREY MEMORIAL",Weija,2025-07-27T17:02:30.165748,TETEGU OPP AGGREY MEMORIAL
867,"TETEGU
RASTA",Weija,2025-07-27T17:02:30.165750,TETEGU RASTA
868,TETEGU-RASTA LAST  STOP,Weija,2025-07-27T17:02:30.165751,TETEGU RASTA LAST STOP
869,TETEGU SWEETLOVE,Weija,2025-07-27T17:02:30.165753,TETEGU SWEETLOVE
870,TIPPER,Weija,2025-07-27T17:02:30.165757,TIPPER
871,TOP BASE,Weija,2025-07-27T17:02:30.165758,TOP BASE
872,"TOP BASE , GBAWE",Weija,2025-07-27T17:02:30.165763,TOP BASE GBAWE
873,TOP TOWN,Weija,2025-07-27T17:02:30.165768,TOP TOWN
874,TOPBASE,Weija,2025-07-27T17:02:30.165762,TOPBASE
875,"TOPBASE
GBAWE",Weija,2025-07-27T17:02:30.165767,TOPBASE GBAWE
876,"TRANFORMER , KASOA",Weija,2025-07-27T17:02:30.165770,TRANFORMER KASOA
877,TSOKOME,Weija,2025-07-27T17:02:30.165772,TSOKOME
878,TUBA,Weija,2025-07-27T17:02:30.165777,TUBA
879,"TUBA , ADDO MOSQUE",Weija,2025-07-27T17:02:30.165784,TUBA ADDO MOSQUE
880,TUBA ADOM MOSQUE,Weija,2025-07-27T17:02:30.165785,TUBA ADOM MOSQUE
881,"TUBA , IIRGATION FARMS",Weija,2025-07-27T17:02:30.165787,TUBA IIRGATION FARMS
882,"TUBA
ISLAMIC SCHOOL",Weija,2025-07-27T17:02:30.165789,TUBA ISLAMIC SCHOOL
883,"TUBA
JNC",Weija,2025-07-27T17:02:30.165793,TUBA JNC
884,"TUBA 
KASOA",Weija,2025-07-27T17:02:30.165799,TUBA KASOA
885,"TUBA
MOUNTAIN VIEW",Weija,2025-07-27T17:02:30.165803,TUBA MOUNTAIN VIEW
886,"TUBA
SCHOOL JNC",Weija,2025-07-27T17:02:30.165804,TUBA SCHOOL JNC
887,TUBA SCHOOL JUNCION,Weija,2025-07-27T17:02:30.165806,TUBA SCHOOL JUNCION
888,TUBA-TOLL BOTH,Weija,2025-07-27T17:02:30.165811,TUBA TOLL BOTH
889,TUBA. SCHOOL JUNCTION,Weija,2025-07-27T17:02:30.165808,TUBA. SCHOOL
890,TWENEBOAH,Weija,2025-07-27T17:02:30.165813,TWENEBOAH
891,Tetegu last stop,Weija,2025-07-27T17:02:30.165738,Tetegu last stop
892,Tuba kokrobite,Weija,2025-07-27T17:02:30.165801,Tuba kokrobite
893,UNPRE WEIJA,Weija,2025-07-27T17:02:30.165815,UNPRE WEIJA
894,UPPER   WEIJA,Weija,2025-07-27T17:02:30.165820,UPPER WEIJA
895,"UPPER WEIJA , STSTION",Weija,2025-07-27T17:02:30.165828,UPPER WEIJA STSTION
896,"UPPER WEIJA 
TRAINING SCHOOL",Weija,2025-07-27T17:02:30.165830,UPPER WEIJA TRAINING SCHOOL
897,Upper Weija,Weija,2025-07-27T17:02:30.165818,Upper Weija
898,VRA,Weija,2025-07-27T17:02:30.165832,VRA
899,WEIA JUNCTION,Weija,2025-07-27T17:02:30.165833,WEIA
900,WEIJA,Weija,2025-07-27T17:02:30.165842,WEIJA
901,WEIJA ADA KOPE,Weija,2025-07-27T17:02:30.165850,WEIJA ADA KOPE
902,WEIJA ADAAMAMI,Weija,2025-07-27T17:02:30.165847,WEIJA ADAAMAMI
903,WEIJA ADAKOPE,Weija,2025-07-27T17:02:30.165852,WEIJA ADAKOPE
904,"WEIJA , AREOUND BOJO BEACH",Weija,2025-07-27T17:02:30.165856,WEIJA AREOUND BOJO BEACH
905,"WEIJA
ASMAK INTER. SCHOOL",Weija,2025-07-27T17:02:30.165860,WEIJA ASMAK INTER. SCHOOL
906,WEIJA AYIGBE TOWN,Weija,2025-07-27T17:02:30.165862,WEIJA AYIGBE TOWN
907,WEIJA BARREA,Weija,2025-07-27T17:02:30.165863,WEIJA BARREA
908,"WEIJA
BARRIER",Weija,2025-07-27T17:02:30.165865,WEIJA BARRIER
909,"WEIJA BEHIND
SECONDARY SCH",Weija,2025-07-27T17:02:30.165866,WEIJA BEHIND SECONDARY SCH
910,WEIJA BENJYS,Weija,2025-07-27T17:02:30.165868,WEIJA BENJYS
911,WEIJA BLOCK FACTOR,Weija,2025-07-27T17:02:30.165870,WEIJA BLOCK FACTOR
912,"WEIJA , BLOCK FACTORY",Weija,2025-07-27T17:02:30.165872,WEIJA BLOCK FACTORY
913,"WEIJA , BROADCASTING",Weija,2025-07-27T17:02:30.165876,WEIJA BROADCASTING
914,"WEIJA, BUS STOP",Weija,2025-07-27T17:02:30.165881,WEIJA BUS STOP
915,WEIJA CATERPILLAR ROAD,Weija,2025-07-27T17:02:30.165883,WEIJA CATERPILLAR ROAD
916,"WEIJA , CHOICE",Weija,2025-07-27T17:02:30.165885,WEIJA CHOICE
917,WEIJA-CHOIE,Weija,2025-07-27T17:02:30.165890,WEIJA CHOIE
918,WEIJA DJAMA,Weija,2025-07-27T17:02:30.165891,WEIJA DJAMA
919,"WEIJA
DJAMAN",Weija,2025-07-27T17:02:30.165895,WEIJA DJAMAN
920,"WEIJA
FORESQUARE",Weija,2025-07-27T17:02:30.165902,WEIJA FORESQUARE
921,"WEIJA,ICE BREAD",Weija,2025-07-27T17:02:30.165904,WEIJA ICE BREAD
922,WEIJA ITS,Weija,2025-07-27T17:02:30.165905,WEIJA ITS
923,WEIJA JAMA JUNCTION,Weija,2025-07-27T17:02:30.165907,WEIJA JAMA
924,WEIJA JOMA,Weija,2025-07-27T17:02:30.165911,WEIJA JOMA
925,WEIJA JOMA QUARTERS,Weija,2025-07-27T17:02:30.165913,WEIJA JOMA QUARTERS
926,WEIJA KOKOBEN,Weija,2025-07-27T17:02:30.165919,WEIJA KOKOBEN
927,"WEIJA,KOKROBITEY",Weija,2025-07-27T17:02:30.165921,WEIJA KOKROBITEY
928,"WEIJA
MANDELA",Weija,2025-07-27T17:02:30.165923,WEIJA MANDELA
929,WEIJA MARKET,Weija,2025-07-27T17:02:30.165924,WEIJA MARKET
930,WEIJA MODEST,Weija,2025-07-27T17:02:30.165928,WEIJA MODEST
931,WEIJA NEAR OLD WATER WORKS CATEEN,Weija,2025-07-27T17:02:30.165929,WEIJA NEAR OLD WATER WORKS CATEEN
932,WEIJA-  NEAR  ROMAN  SCHOOL ST; JUDE,Weija,2025-07-27T17:02:30.165931,WEIJA NEAR ROMAN SCHOOL ST; JUDE
933,WEIJA NEW BOTIIANOR,Weija,2025-07-27T17:02:30.165936,WEIJA NEW BOTIIANOR
934,"WEIJA
NEW TOWN",Weija,2025-07-27T17:02:30.165938,WEIJA NEW TOWN
935,"WEIJA
OBLOGO",Weija,2025-07-27T17:02:30.165947,WEIJA OBLOGO
936,WEIJA OBLOGO MANCHESTER,Weija,2025-07-27T17:02:30.165953,WEIJA OBLOGO MANCHESTER
937,WEIJA OBOLGO,Weija,2025-07-27T17:02:30.165954,WEIJA OBOLGO
938,"WEIJA ,OLD BARRIER",Weija,2025-07-27T17:02:30.165960,WEIJA OLD BARRIER
939,WEIJA OLD BARRIER NEAR KINGS UNIVERSITY,Weija,2025-07-27T17:02:30.165963,WEIJA OLD BARRIER NEAR KINGS UNIVERSITY
940,"WEIJA , PAMBROS",Weija,2025-07-27T17:02:30.165967,WEIJA PAMBROS
941,WEIJA PENTECOST,Weija,2025-07-27T17:02:30.165968,WEIJA PENTECOST
942,"WEIJA , POLICE STATION",Weija,2025-07-27T17:02:30.165970,WEIJA POLICE STATION
943,WEIJA REDTOP,Weija,2025-07-27T17:02:30.165978,WEIJA REDTOP
944,WEIJA ROMAN SCHOOL,Weija,2025-07-27T17:02:30.165980,WEIJA ROMAN SCHOOL
945,"WEIJA , SAMPA VALLEY",Weija,2025-07-27T17:02:30.165982,WEIJA SAMPA VALLEY
946,WEIJA SCC,Weija,2025-07-27T17:02:30.165985,WEIJA SCC
947,WEIJA SCC  AZUMAH,Weija,2025-07-27T17:02:30.165988,WEIJA SCC AZUMAH
948,"WEIJA 
SCHOOL JUNCTION",Weija,2025-07-27T17:02:30.165997,WEIJA SCHOOL
949,WEIJA- STATION,Weija,2025-07-27T17:02:30.166002,WEIJA STATION
950,WEIJA TAI TOP,Weija,2025-07-27T17:02:30.166006,WEIJA TAI TOP
951,WEIJA TATOP,Weija,2025-07-27T17:02:30.166007,WEIJA TATOP
952,WEIJA TETEGU,Weija,2025-07-27T17:02:30.166014,WEIJA TETEGU
953,"WEIJA TIE TOP,NEAR U TUBE COMPANY",Weija,2025-07-27T17:02:30.166018,WEIJA TIE TOP NEAR U TUBE COMPANY
954,WEIJA-WAREHSE,Weija,2025-07-27T17:02:30.166022,WEIJA WAREHSE
955,"WEIJA
WATER WORKS",Weija,2025-07-27T17:02:30.166026,WEIJA WATER WORKS
956,WEIJA WATERWORKS,Weija,2025-07-27T17:02:30.166030,WEIJA WATERWORKS
957,WEIJA WESTHILLS,Weija,2025-07-27T17:02:30.166034,WEIJA WESTHILLS
958,"WEIJA , WHITE CROSS",Weija,2025-07-27T17:02:30.166037,WEIJA WHITE CROSS
959,WEIJA WHITECROSS,Weija,2025-07-27T17:02:30.166048,WEIJA WHITECROSS
960,"WEIJA
WINNERS",Weija,2025-07-27T17:02:30.166063,WEIJA WINNERS
961,WEIJA  ZONGO,Weija,2025-07-27T17:02:30.166071,WEIJA ZONGO
962,WEIJA  -ZONGO  AWAY,Weija,2025-07-27T17:02:30.166083,WEIJA ZONGO AWAY
963,WEIJA-ZONGO NDC,Weija,2025-07-27T17:02:30.166087,WEIJA ZONGO NDC
964,WEIJA. WHITE CROSS,Weija,2025-07-27T17:02:30.166059,WEIJA. WHITE CROSS
965,WEIJAA,Weija,2025-07-27T17:02:30.165845,WEIJAA
966,WEJIA,Weija,2025-07-27T17:02:30.166091,WEJIA
967,WES CROSS,Weija,2025-07-27T17:02:30.166095,WES CROSS
968,"WES CROSS
LAPAZ",Weija,2025-07-27T17:02:30.166099,WES CROSS LAPAZ
969,"WES CROSS
LAPPAZ",Weija,2025-07-27T17:02:30.166103,WES CROSS LAPPAZ
970,"WES CROSS 
SOWUTUOM",Weija,2025-07-27T17:02:30.166106,WES CROSS SOWUTUOM
971,WEST HILLS MALL,Weija,2025-07-27T17:02:30.166116,WEST HILLS MALL
972,"WESTHILL,REDTOP",Weija,2025-07-27T17:02:30.166110,WESTHILL REDTOP
973,WHITE CROSS,Weija,2025-07-27T17:02:30.166124,WHITE CROSS
974,"WHITE CROSS
SCC",Weija,2025-07-27T17:02:30.166128,WHITE CROSS SCC
975,"WHITE CROSS
WEIJA",Weija,2025-07-27T17:02:30.166132,WHITE CROSS WEIJA
976,WIJA ITS,Weija,2025-07-27T17:02:30.166144,WIJA ITS
977,Weija,Weija,2025-07-27T17:02:30.165840,Weija
978,"Weija 
Oblogo",Weija,2025-07-27T17:02:30.165946,Weija Oblogo
979,ablekuma,Weija,2025-07-27T17:02:30.162998,ablekuma
980,ablekuma funmilk near the mosque,Weija,2025-07-27T17:02:30.163071,ablekuma funmilk
981,ablekuma nic,Weija,2025-07-27T17:02:30.163120,ablekuma nic
982,ablekuma pentecost junction,Weija,2025-07-27T17:02:30.163155,ablekuma pentecost
983,aburi,Weija,2025-07-27T17:02:30.163169,aburi
984,accra central police station,Weija,2025-07-27T17:02:30.163175,accra central police station
985,altico,Weija,2025-07-27T17:02:30.163250,altico
986,amanfo,Weija,2025-07-27T17:02:30.163255,amanfo
987,amasaman,Weija,2025-07-27T17:02:30.163282,amasaman
988,anyaa,Weija,2025-07-27T17:02:30.163299,anyaa
989,anyaa market,Weija,2025-07-27T17:02:30.163337,anyaa market
990,anyaa nic,Weija,2025-07-27T17:02:30.163370,anyaa nic
991,apam,Weija,2025-07-27T17:02:30.163416,apam
992,apleku,Weija,2025-07-27T17:02:30.163470,apleku
993,awoshie,Weija,2025-07-27T17:02:30.163508,awoshie
994,awoshie A LANE,Weija,2025-07-27T17:02:30.163551,awoshie A LANE
995,awoshie fan milk,Weija,2025-07-27T17:02:30.163639,awoshie fan milk
996,awoshieb,Weija,2025-07-27T17:02:30.163591,awoshieb
997,awutu breku,Weija,2025-07-27T17:02:30.163781,awutu breku
998,barrier old,Weija,2025-07-27T17:02:30.163832,barrier old
999,bawe,Weija,2025-07-27T17:02:30.163834,bawe
1000,"been to
kwashieman",Weija,2025-07-27T17:02:30.163843,been to kwashieman
1001,behind westhills mall,Weija,2025-07-27T17:02:30.163848,behind westhills mall
1002,bortainor,Weija,2025-07-27T17:02:30.163872,bortainor
1003,broadcasting,Weija,2025-07-27T17:02:30.163917,broadcasting
1004,bubiashie,Weija,2025-07-27T17:02:30.163927,bubiashie
1005,bubueshie,Weija,2025-07-27T17:02:30.163936,bubueshie
1006,choice,Weija,2025-07-27T17:02:30.163960,choice
1007,dankuman,Weija,2025-07-27T17:02:30.163975,dankuman
1008,dansoman,Weija,2025-07-27T17:02:30.163979,dansoman
1009,dansoman Ebeneezer down,Weija,2025-07-27T17:02:30.163992,dansoman Ebeneezer down
1010,empire cement wejia,Weija,2025-07-27T17:02:30.164043,empire cement wejia
1011,fertey,Weija,2025-07-27T17:02:30.164057,fertey
1012,gbawe,Weija,2025-07-27T17:02:30.164080,gbawe
1013,gbawe cp,Weija,2025-07-27T17:02:30.164173,gbawe cp
1014,gbawe palace,Weija,2025-07-27T17:02:30.164244,gbawe palace
1015,"gbawe
top base",Weija,2025-07-27T17:02:30.164254,gbawe top base
1016,gbawe zero,Weija,2025-07-27T17:02:30.164267,gbawe zero
1017,gbewe near the palace,Weija,2025-07-27T17:02:30.164300,gbewe
1018,gbewe old town,Weija,2025-07-27T17:02:30.164302,gbewe old town
1019,gbewe zero,Weija,2025-07-27T17:02:30.164303,gbewe zero
1020,hacho boshe,Weija,2025-07-27T17:02:30.164313,hacho boshe
1021,juwulu,Weija,2025-07-27T17:02:30.164324,juwulu
1022,kasao,Weija,2025-07-27T17:02:30.164344,kasao
1023,kaso tuba near maama Africa,Weija,2025-07-27T17:02:30.164622,kaso tuba near maama Africa
1024,kasoa,Weija,2025-07-27T17:02:30.164347,kasoa
1025,kasoa - big apple,Weija,2025-07-27T17:02:30.164402,kasoa big apple
1026,kasoa block factory,Weija,2025-07-27T17:02:30.164410,kasoa block factory
1027,kasoa cp,Weija,2025-07-27T17:02:30.164429,kasoa cp
1028,kasoa galelia,Weija,2025-07-27T17:02:30.164446,kasoa galelia
1029,kasoa galeliya,Weija,2025-07-27T17:02:30.164451,kasoa galeliya
1030,kasoa kalabule junction,Weija,2025-07-27T17:02:30.164478,kasoa kalabule
1031,kasoa new twon,Weija,2025-07-27T17:02:30.164513,kasoa new twon
1032,kasoa officia twon,Weija,2025-07-27T17:02:30.164556,kasoa officia twon
1033,kasoa-peace town,Weija,2025-07-27T17:02:30.164577,kasoa peace town
1034,"kasoa
top hill",Weija,2025-07-27T17:02:30.164599,kasoa top hill
1035,kasoa tuba,Weija,2025-07-27T17:02:30.164604,kasoa tuba
1036,kawsibu,Weija,2025-07-27T17:02:30.164625,kawsibu
1037,kokorbitey,Weija,2025-07-27T17:02:30.164634,kokorbitey
1038,"kokoroko
mallam",Weija,2025-07-27T17:02:30.164636,kokoroko mallam
1039,kokrobite,Weija,2025-07-27T17:02:30.164639,kokrobite
1040,korkorbitey,Weija,2025-07-27T17:02:30.164658,korkorbitey
1041,kwashibu,Weija,2025-07-27T17:02:30.164676,kwashibu
1042,kwashie near rett acadamy,Weija,2025-07-27T17:02:30.164727,kwashie near rett
1043,kwashieman,Weija,2025-07-27T17:02:30.164688,kwashieman
1044,kwashiman,Weija,2025-07-27T17:02:30.164728,kwashiman
1045,liberia camp kasoa,Weija,2025-07-27T17:02:30.164767,liberia camp kasoa
1046,maccarthy,Weija,2025-07-27T17:02:30.164779,maccarthy
1047,mail 11,Weija,2025-07-27T17:02:30.164789,mail 11
1048,malla,Weija,2025-07-27T17:02:30.164791,malla
1049,malla cp,Weija,2025-07-27T17:02:30.164794,malla cp
1050,mallam,Weija,2025-07-27T17:02:30.164796,mallam
1051,mallam bola raod,Weija,2025-07-27T17:02:30.164825,mallam bola raod
1052,mallam bola road,Weija,2025-07-27T17:02:30.164829,mallam bola road
1053,mallam  government school,Weija,2025-07-27T17:02:30.164845,mallam government school
1054,mallam jut,Weija,2025-07-27T17:02:30.164865,mallam jut
1055,mallam station,Weija,2025-07-27T17:02:30.164894,mallam station
1056,mangoase,Weija,2025-07-27T17:02:30.164906,mangoase
1057,mantaheko,Weija,2025-07-27T17:02:30.164912,mantaheko
1058,mataheko,Weija,2025-07-27T17:02:30.164916,mataheko
1059,mc catrthy,Weija,2025-07-27T17:02:30.165042,mc catrthy
1060,mccarthy,Weija,2025-07-27T17:02:30.164935,mccarthy
1061,mccarthy Assembles of God Church,Weija,2025-07-27T17:02:30.164957,mccarthy Assembles of God
1062,mccarthy down,Weija,2025-07-27T17:02:30.164963,mccarthy down
1063,mccharty hill,Weija,2025-07-27T17:02:30.165049,mccharty hill
1064,mile 11 near finny hospital,Weija,2025-07-27T17:02:30.165075,mile 11 near finny hospital
1065,new bortiano,Weija,2025-07-27T17:02:30.165090,new bortiano
1066,new bortianor,Weija,2025-07-27T17:02:30.165096,new bortianor
1067,"new bortianor ,broadcasting",Weija,2025-07-27T17:02:30.165134,new bortianor broadcasting
1068,new bortianor red top,Weija,2025-07-27T17:02:30.165144,new bortianor red top
1069,new gbawe,Weija,2025-07-27T17:02:30.165152,new gbawe
1070,nsufa,Weija,2025-07-27T17:02:30.165239,nsufa
1071,oblogo,Weija,2025-07-27T17:02:30.165253,oblogo
1072,oblogo school,Weija,2025-07-27T17:02:30.165274,oblogo school
1073,odokor,Weija,2025-07-27T17:02:30.165294,odokor
1074,odorkor,Weija,2025-07-27T17:02:30.165302,odorkor
1075,odorkor tipper,Weija,2025-07-27T17:02:30.165369,odorkor tipper
1076,old barrier,Weija,2025-07-27T17:02:30.165403,old barrier
1077,old barriewr weija,Weija,2025-07-27T17:02:30.165428,old barriewr weija
1078,old bortinor,Weija,2025-07-27T17:02:30.165437,old bortinor
1079,oyebi,Weija,2025-07-27T17:02:30.165464,oyebi
1080,palace town,Weija,2025-07-27T17:02:30.165466,palace town
1081,papase,Weija,2025-07-27T17:02:30.165474,papase
1082,pokuase white house,Weija,2025-07-27T17:02:30.165479,pokuase white house
1083,santa maria-drug store,Weija,2025-07-27T17:02:30.165531,santa maria drug store
1084,scc,Weija,2025-07-27T17:02:30.165555,scc
1085,scc red top,Weija,2025-07-27T17:02:30.165597,scc red top
1086,south mc carthy,Weija,2025-07-27T17:02:30.165615,south mc carthy
1087,sowutum amangoase,Weija,2025-07-27T17:02:30.165640,sowutum amangoase
1088,sowutuom,Weija,2025-07-27T17:02:30.165644,sowutuom
1089,"sowutuom
abpotro",Weija,2025-07-27T17:02:30.165651,sowutuom abpotro
1090,tabola,Weija,2025-07-27T17:02:30.165687,tabola
1091,tabora,Weija,2025-07-27T17:02:30.165688,tabora
1092,tetegu,Weija,2025-07-27T17:02:30.165715,tetegu
1093,tuba,Weija,2025-07-27T17:02:30.165773,tuba
1094,upper weija,Weija,2025-07-27T17:02:30.165816,upper weija
1095,"upper weija
station",Weija,2025-07-27T17:02:30.165826,upper weija station
1096,weiija choice,Weija,2025-07-27T17:02:30.165835,weiija choice
1097,weija,Weija,2025-07-27T17:02:30.165837,weija
1098,weija old barrier,Weija,2025-07-27T17:02:30.165958,weija old barrier
1099,weija scc,Weija,2025-07-27T17:02:30.165983,weija scc
1100,weija sch jut,Weija,2025-07-27T17:02:30.165992,weija sch jut
1101,whitecross,Weija,2025-07-27T17:02:30.166120,whitecross
