id,locality,orgname,created_at
1,A LAND,Weija,2025-07-27T17:02:30.163246
2,A/94 NYAFOMAN,Weija,2025-07-27T17:02:30.162970
3,ABEKA,Weija,2025-07-27T17:02:30.162984
4,ABEKA ABOTARE JUNCTION,Weija,2025-07-27T17:02:30.162987
5,ABEKA LAPAZ,Weija,2025-07-27T17:02:30.162989
6,"ABETIFI
NEAR THE RAMSEYER CHURCH
CQ 16",Weija,2025-07-27T17:02:30.162991
7,ABLAKUMA,Weija,2025-07-27T17:02:30.162993
8,ABLEKUAMH-FAN MILK,Weija,2025-07-27T17:02:30.162995
9,ABLEKUIMA,Weija,2025-07-27T17:02:30.162997
10,ABLEKUMA,Weija,2025-07-27T17:02:30.163008
11,ABLEKUMA,Weija,2025-07-27T17:02:30.163009
12,"ABLEKUMA
ABEASE",Weija,2025-07-27T17:02:30.163015
13,"ABLEKUMA
AGAPE DOWN",Weija,2025-07-27T17:02:30.163030
14,"ABLEKUMA
CP",Weija,2025-07-27T17:02:30.163043
15,"ABLEKUMA
FANMILK",Weija,2025-07-27T17:02:30.163052
16,"ABLEKUMA
JOMA",Weija,2025-07-27T17:02:30.163093
17,"ABLEKUMA
MANHEAN",Weija,2025-07-27T17:02:30.163097
18,"ABLEKUMA
NSAKINA",Weija,2025-07-27T17:02:30.163129
19,"ABLEKUMA
OLEBU",Weija,2025-07-27T17:02:30.163140
20,"ABLEKUMA
PALADAS",Weija,2025-07-27T17:02:30.163151
21,"ABLEKUMA
PENTECOST JUNCTION",Weija,2025-07-27T17:02:30.163157
22,"ABLEKUMA 
ANTIE AKU",Weija,2025-07-27T17:02:30.163037
23,ABLEKUMA   AGAPE,Weija,2025-07-27T17:02:30.163020
24,ABLEKUMA  -FAN  MILK,Weija,2025-07-27T17:02:30.163053
25,ABLEKUMA  FAN  MILK,Weija,2025-07-27T17:02:30.163055
26,"ABLEKUMA , AGAPE - MASALACHI",Weija,2025-07-27T17:02:30.163035
27,"ABLEKUMA , CURVE",Weija,2025-07-27T17:02:30.163048
28,"ABLEKUMA , FAN MILK - FIRST LIGHT",Weija,2025-07-27T17:02:30.163064
29,"ABLEKUMA , OLEBU",Weija,2025-07-27T17:02:30.163141
30,"ABLEKUMA , OLEBU - ESTATE",Weija,2025-07-27T17:02:30.163148
31,"ABLEKUMA , PENTECOST JUNCTION",Weija,2025-07-27T17:02:30.163159
32,ABLEKUMA -ABEASE,Weija,2025-07-27T17:02:30.163017
33,ABLEKUMA -ACADAMY,Weija,2025-07-27T17:02:30.163019
34,ABLEKUMA -ODUMA,Weija,2025-07-27T17:02:30.163133
35,ABLEKUMA -OLEBU,Weija,2025-07-27T17:02:30.163143
36,ABLEKUMA ABASE,Weija,2025-07-27T17:02:30.163011
37,ABLEKUMA AGAPE,Weija,2025-07-27T17:02:30.163022
38,ABLEKUMA AGAPE,Weija,2025-07-27T17:02:30.163024
39,ABLEKUMA AGAPE DOWN,Weija,2025-07-27T17:02:30.163032
40,ABLEKUMA AGAPE DOWN,Weija,2025-07-27T17:02:30.163034
41,ABLEKUMA ANYAA,Weija,2025-07-27T17:02:30.163039
42,ABLEKUMA BORKOBOKOR,Weija,2025-07-27T17:02:30.163040
43,ABLEKUMA CANADA,Weija,2025-07-27T17:02:30.163042
44,ABLEKUMA CP,Weija,2025-07-27T17:02:30.163045
45,ABLEKUMA FAN MILK,Weija,2025-07-27T17:02:30.163057
46,ABLEKUMA FANMILK,Weija,2025-07-27T17:02:30.163061
47,ABLEKUMA FUN MILK,Weija,2025-07-27T17:02:30.163066
48,ABLEKUMA FUN MILK,Weija,2025-07-27T17:02:30.163068
49,ABLEKUMA FUN MILK NEAR THE PENTECOST CHURCH,Weija,2025-07-27T17:02:30.163075
50,ABLEKUMA FUNMILK,Weija,2025-07-27T17:02:30.163069
51,ABLEKUMA GALILEA,Weija,2025-07-27T17:02:30.163077
52,ABLEKUMA GOMA,Weija,2025-07-27T17:02:30.163078
53,ABLEKUMA JOMA,Weija,2025-07-27T17:02:30.163095
54,ABLEKUMA MANHEAN,Weija,2025-07-27T17:02:30.163098
55,ABLEKUMA MANHIA AFUAMAN,Weija,2025-07-27T17:02:30.163101
56,ABLEKUMA NIC,Weija,2025-07-27T17:02:30.163122
57,ABLEKUMA NIC,Weija,2025-07-27T17:02:30.163124
58,ABLEKUMA ODUMASE,Weija,2025-07-27T17:02:30.163135
59,ABLEKUMA OLABU,Weija,2025-07-27T17:02:30.163138
60,ABLEKUMA OLEBU,Weija,2025-07-27T17:02:30.163145
61,ABLEKUMA OMANJOR,Weija,2025-07-27T17:02:30.163150
62,ABLEKUMA ROYAL,Weija,2025-07-27T17:02:30.163160
63,ABLEKUMA VURVE,Weija,2025-07-27T17:02:30.163162
64,"ABLEKUMA, AGAPE",Weija,2025-07-27T17:02:30.163025
65,"ABLEKUMA, FAN MILK",Weija,2025-07-27T17:02:30.163063
66,"ABLEKUMA, ODUMASE",Weija,2025-07-27T17:02:30.163136
67,"ABLEKUMA,AGAPE",Weija,2025-07-27T17:02:30.163027
68,ABLEKUMA-AGAPE,Weija,2025-07-27T17:02:30.163029
69,ABLEKUMA-CP,Weija,2025-07-27T17:02:30.163047
70,ABLEKUMA-MANHIA,Weija,2025-07-27T17:02:30.163100
71,ABLEKUMA-OLEBU,Weija,2025-07-27T17:02:30.163146
72,ABLEKUMAH,Weija,2025-07-27T17:02:30.163080
73,ABLEKUMAH JOMA,Weija,2025-07-27T17:02:30.163085
74,ABLEKUMAH NSAKINA,Weija,2025-07-27T17:02:30.163088
75,ABLEKUMAH-AGAPE,Weija,2025-07-27T17:02:30.163081
76,ABLEKUMAH-FAN MILK,Weija,2025-07-27T17:02:30.163083
77,ABLEKUMAH-NIC,Weija,2025-07-27T17:02:30.163087
78,ABLEKUMAH-ODUMA,Weija,2025-07-27T17:02:30.163090
79,ABLEKUMAH-PENTECOST PRAYER CAMP,Weija,2025-07-27T17:02:30.163092
80,ABLEKUMAN,Weija,2025-07-27T17:02:30.163109
81,"ABLEKUMAN
FAN MILK",Weija,2025-07-27T17:02:30.163117
82,ABLEKUMAN AGAPE,Weija,2025-07-27T17:02:30.163112
83,ABLEKUMAN FANMILK,Weija,2025-07-27T17:02:30.163119
84,ABLEKUMAN NIC,Weija,2025-07-27T17:02:30.163127
85,"ABLEKUMAN, CURVE",Weija,2025-07-27T17:02:30.163114
86,ABLKEUMA,Weija,2025-07-27T17:02:30.163164
87,ABOKOBI,Weija,2025-07-27T17:02:30.163165
88,ABURA,Weija,2025-07-27T17:02:30.163167
89,ACC,Weija,2025-07-27T17:02:30.163172
90,ACCRA,Weija,2025-07-27T17:02:30.163173
91,ACCRA NEW TOWN,Weija,2025-07-27T17:02:30.163177
92,ACCRA O6,Weija,2025-07-27T17:02:30.163178
93,ACCRA ODKOR,Weija,2025-07-27T17:02:30.163180
94,ACCRA-WEIJA GBAWE,Weija,2025-07-27T17:02:30.163182
95,ACHIMOTA,Weija,2025-07-27T17:02:30.163183
96,ACHIMOTA TANTRA HILL,Weija,2025-07-27T17:02:30.163195
97,ADA,Weija,2025-07-27T17:02:30.163199
98,ADABRAKA,Weija,2025-07-27T17:02:30.163201
99,ADABRAKA AHINAPA ROAD,Weija,2025-07-27T17:02:30.163203
100,ADAM NANA,Weija,2025-07-27T17:02:30.163205
101,ADANSEMAN,Weija,2025-07-27T17:02:30.163206
102,ADEASU,Weija,2025-07-27T17:02:30.163208
103,ADJEIKOTOKU NSAWAM ROAD,Weija,2025-07-27T17:02:30.163210
104,ADOM ESTATE,Weija,2025-07-27T17:02:30.163211
105,"ADUMASE
AMANFRO",Weija,2025-07-27T17:02:30.163213
106,AFOAMAN,Weija,2025-07-27T17:02:30.163215
107,AGAPA - ABLEKUMAH,Weija,2025-07-27T17:02:30.163217
108,AGAPE,Weija,2025-07-27T17:02:30.163218
109,AGAPE,Weija,2025-07-27T17:02:30.163220
110,"AGAPE
DOWN",Weija,2025-07-27T17:02:30.163226
111,AGAPE 2ND CONTAINER,Weija,2025-07-27T17:02:30.163222
112,AGAPE ROYAL,Weija,2025-07-27T17:02:30.163228
113,AGBOGBA,Weija,2025-07-27T17:02:30.163229
114,"AGLO FARMS -
TUBA",Weija,2025-07-27T17:02:30.163231
115,AGONA KOYAKO,Weija,2025-07-27T17:02:30.163233
116,AGONA KWANYAKO BUNGALOW,Weija,2025-07-27T17:02:30.163235
117,"AGONA SWEDRU, MAHONDWE",Weija,2025-07-27T17:02:30.163236
118,AHYIA,Weija,2025-07-27T17:02:30.163238
119,AKAWE,Weija,2025-07-27T17:02:30.163240
120,AKOTI NEAR PENTECOST CHURCH,Weija,2025-07-27T17:02:30.163241
121,AKWATEMAN,Weija,2025-07-27T17:02:30.163243
122,AKWELEY NEW TOWN,Weija,2025-07-27T17:02:30.163245
123,"ALIU MAHAMA ROAD
DANSOMAN",Weija,2025-07-27T17:02:30.163248
124,AMAFROM - KASOA,Weija,2025-07-27T17:02:30.163252
125,AMANFRO,Weija,2025-07-27T17:02:30.163257
126,AMANFRO,Weija,2025-07-27T17:02:30.163261
127,"AMANFRO
GALILEA",Weija,2025-07-27T17:02:30.163263
128,"AMANFRO , TOP TOWN",Weija,2025-07-27T17:02:30.163278
129,AMANFRO-RIVER SIDE,Weija,2025-07-27T17:02:30.163276
130,AMANFROM,Weija,2025-07-27T17:02:30.163264
131,AMANFROM,Weija,2025-07-27T17:02:30.163266
132,"AMANFROM
TOP TOWN",Weija,2025-07-27T17:02:30.163270
133,"AMANFROM
ZONGO",Weija,2025-07-27T17:02:30.163275
134,AMANFROM KALABULEY,Weija,2025-07-27T17:02:30.163268
135,AMANFROM TOP TOWN,Weija,2025-07-27T17:02:30.163271
136,AMANFROM-TOP TOWN,Weija,2025-07-27T17:02:30.163273
137,AMANJOR,Weija,2025-07-27T17:02:30.163280
138,AMASAMAN,Weija,2025-07-27T17:02:30.163283
139,"AMASAMAN , AKRAMAN",Weija,2025-07-27T17:02:30.163285
140,"AMASAMAN, OBO",Weija,2025-07-27T17:02:30.163288
141,AMASAMAN-BUS,Weija,2025-07-27T17:02:30.163287
142,AMNAFROM-GALILEA,Weija,2025-07-27T17:02:30.163290
143,ANTIE AKU,Weija,2025-07-27T17:02:30.163293
144,ANYAA,Weija,2025-07-27T17:02:30.163305
145,ANYAA,Weija,2025-07-27T17:02:30.163306
146,"ANYAA
MARKET",Weija,2025-07-27T17:02:30.163343
147,"ANYAA
NIC",Weija,2025-07-27T17:02:30.163374
148,"ANYAA
PALAS TOWN",Weija,2025-07-27T17:02:30.163396
149,"ANYAA
VICTORY CHC",Weija,2025-07-27T17:02:30.163412
150,ANYAA  NIC,Weija,2025-07-27T17:02:30.163378
151,"ANYAA , LAST STOP",Weija,2025-07-27T17:02:30.163331
152,"ANYAA , NIC",Weija,2025-07-27T17:02:30.163384
153,ANYAA ACADEMY ( APONKYE HOTEL ),Weija,2025-07-27T17:02:30.163313
154,ANYAA BESADA,Weija,2025-07-27T17:02:30.163328
155,ANYAA MARKET,Weija,2025-07-27T17:02:30.163351
156,ANYAA NEAR CHINESE COMPANY,Weija,2025-07-27T17:02:30.163359
157,ANYAA NIC,Weija,2025-07-27T17:02:30.163388
158,ANYAA PALAS TOWN,Weija,2025-07-27T17:02:30.163400
159,ANYAA SCHOOL JUNCTION,Weija,2025-07-27T17:02:30.163408
160,ANYAA- NEAR VICTORY CHURCH,Weija,2025-07-27T17:02:30.163362
161,ANYAA-ACADEMY,Weija,2025-07-27T17:02:30.163308
162,ANYAA-BERSATHDA,Weija,2025-07-27T17:02:30.163323
163,ANYAA-MKT,Weija,2025-07-27T17:02:30.163355
164,ANYAA-NIC,Weija,2025-07-27T17:02:30.163392
165,ANYAA-PALAS TOWN,Weija,2025-07-27T17:02:30.163404
166,APAPAM,Weija,2025-07-27T17:02:30.163420
167,APLAKU,Weija,2025-07-27T17:02:30.163446
168,APLAKU,Weija,2025-07-27T17:02:30.163450
169,"APLAKU
APOSTLIC CHURCH",Weija,2025-07-27T17:02:30.163454
170,"APLAKU
OPPSITE KINGS UNIVERSITY",Weija,2025-07-27T17:02:30.163462
171,"APLAKU , PALM BRFOS",Weija,2025-07-27T17:02:30.163466
172,APLAKU HOSPITAL,Weija,2025-07-27T17:02:30.163458
173,APRAKU,Weija,2025-07-27T17:02:30.163474
174,ASSIN SOM NYAMEKODU,Weija,2025-07-27T17:02:30.163478
175,ATOD.S SHSE SANDEMA,Weija,2025-07-27T17:02:30.163482
176,AUNTY AKU,Weija,2025-07-27T17:02:30.163486
177,AVENOR,Weija,2025-07-27T17:02:30.163490
178,AWORSHIE,Weija,2025-07-27T17:02:30.163496
179,AWOSHI - A LAND,Weija,2025-07-27T17:02:30.163500
180,AWOSHI ANYA,Weija,2025-07-27T17:02:30.163504
181,AWOSHIE,Weija,2025-07-27T17:02:30.163516
182,AWOSHIE,Weija,2025-07-27T17:02:30.163520
183,AWOSHIE,Weija,2025-07-27T17:02:30.163524
184,"AWOSHIE
ABRANTE",Weija,2025-07-27T17:02:30.163532
185,"AWOSHIE
BAAHYARD",Weija,2025-07-27T17:02:30.163599
186,"AWOSHIE
MANGOEASE",Weija,2025-07-27T17:02:30.163673
187,"AWOSHIE
ONYINASE",Weija,2025-07-27T17:02:30.163696
188,"AWOSHIE
STATION",Weija,2025-07-27T17:02:30.163728
189,"AWOSHIE
WATERWORKS",Weija,2025-07-27T17:02:30.163754
190,"AWOSHIE 
LAST STOP",Weija,2025-07-27T17:02:30.163649
191,"AWOSHIE 
MANGOASE",Weija,2025-07-27T17:02:30.163657
192,"AWOSHIE 
STATION",Weija,2025-07-27T17:02:30.163732
193,AWOSHIE   BAAH  YARD,Weija,2025-07-27T17:02:30.163603
194,AWOSHIE  BAAH  YARD,Weija,2025-07-27T17:02:30.163607
195,AWOSHIE  WATER WORKS,Weija,2025-07-27T17:02:30.163758
196,"AWOSHIE , A-LANG",Weija,2025-07-27T17:02:30.163559
197,"AWOSHIE , BAAH",Weija,2025-07-27T17:02:30.163595
198,"AWOSHIE , DEEPER LIFE",Weija,2025-07-27T17:02:30.163635
199,"AWOSHIE , MANGOASE",Weija,2025-07-27T17:02:30.163661
200,"AWOSHIE , ONYINASE",Weija,2025-07-27T17:02:30.163700
201,"AWOSHIE , ONYINASE LANE 12",Weija,2025-07-27T17:02:30.163708
202,"AWOSHIE , ONYINASE LANE 24",Weija,2025-07-27T17:02:30.163712
203,"AWOSHIE , PALAS TOWN",Weija,2025-07-27T17:02:30.163720
204,"AWOSHIE , PALAS TOWN",Weija,2025-07-27T17:02:30.163724
205,"AWOSHIE , WATER WORKS",Weija,2025-07-27T17:02:30.163762
206,AWOSHIE -  BAAH  YARD,Weija,2025-07-27T17:02:30.163610
207,AWOSHIE -  MANGUASE,Weija,2025-07-27T17:02:30.163677
208,AWOSHIE -A-LANG,Weija,2025-07-27T17:02:30.163563
209,AWOSHIE -STATION,Weija,2025-07-27T17:02:30.163736
210,AWOSHIE A LANE,Weija,2025-07-27T17:02:30.163555
211,AWOSHIE A LANG,Weija,2025-07-27T17:02:30.163567
212,AWOSHIE A-LANG,Weija,2025-07-27T17:02:30.163571
213,AWOSHIE ABRANTEA,Weija,2025-07-27T17:02:30.163536
214,AWOSHIE ABRANTIE,Weija,2025-07-27T17:02:30.163540
215,AWOSHIE ADAAMAAMI,Weija,2025-07-27T17:02:30.163544
216,AWOSHIE ADAMAAMI,Weija,2025-07-27T17:02:30.163548
217,AWOSHIE ANYINASE,Weija,2025-07-27T17:02:30.163587
218,AWOSHIE BAAH YARD,Weija,2025-07-27T17:02:30.163614
219,AWOSHIE BAAHYARD,Weija,2025-07-27T17:02:30.163620
220,AWOSHIE BANYARD,Weija,2025-07-27T17:02:30.163628
221,AWOSHIE FIRST LAFA STREET,Weija,2025-07-27T17:02:30.163645
222,AWOSHIE LAST STOP,Weija,2025-07-27T17:02:30.163653
223,AWOSHIE MANGOASE,Weija,2025-07-27T17:02:30.163665
224,AWOSHIE MANGOASE,Weija,2025-07-27T17:02:30.163669
225,AWOSHIE MARKET,Weija,2025-07-27T17:02:30.163681
226,AWOSHIE NEAR THE STATION,Weija,2025-07-27T17:02:30.163685
227,AWOSHIE NIC,Weija,2025-07-27T17:02:30.163689
228,AWOSHIE ONYINASE,Weija,2025-07-27T17:02:30.163704
229,AWOSHIE STATION,Weija,2025-07-27T17:02:30.163740
230,AWOSHIE WATER WORKS,Weija,2025-07-27T17:02:30.163766
231,AWOSHIE WATER WORKS DOWN,Weija,2025-07-27T17:02:30.163770
232,"AWOSHIE, A LANG",Weija,2025-07-27T17:02:30.163575
233,"AWOSHIE, NIC",Weija,2025-07-27T17:02:30.163692
234,"AWOSHIE,A-LANG",Weija,2025-07-27T17:02:30.163579
235,AWOSHIE-A LANG,Weija,2025-07-27T17:02:30.163583
236,AWOSHIE-BAAH YARD,Weija,2025-07-27T17:02:30.163624
237,AWOSHIE-STATION,Weija,2025-07-27T17:02:30.163744
238,AWOSHIE-WATER,Weija,2025-07-27T17:02:30.163748
239,AWOSHIEOYINASE,Weija,2025-07-27T17:02:30.163716
240,AWOSHIE`,Weija,2025-07-27T17:02:30.163528
241,AWSHIE ALANG,Weija,2025-07-27T17:02:30.163774
242,"AWUTU , PRISON CAMP",Weija,2025-07-27T17:02:30.163789
243,AWUTU BIREKU,Weija,2025-07-27T17:02:30.163778
244,AWUTU BREKU,Weija,2025-07-27T17:02:30.163785
245,"AWWOSHIE 
LAAST TOP",Weija,2025-07-27T17:02:30.163793
246,AYIBE TOWN,Weija,2025-07-27T17:02:30.163801
247,AYIGBE TOWN,Weija,2025-07-27T17:02:30.163805
248,AYIGBE TOWN,Weija,2025-07-27T17:02:30.163809
249,AYIWURI'S  HSE  FUMBISI  LOGMIISA,Weija,2025-07-27T17:02:30.163813
250,Ablekuma,Weija,2025-07-27T17:02:30.163004
251,Ablekuma,Weija,2025-07-27T17:02:30.163006
252,Ablekuma Fanmilk,Weija,2025-07-27T17:02:30.163050
253,Ablekuman,Weija,2025-07-27T17:02:30.163107
254,Abusec/Accra Weija,Weija,2025-07-27T17:02:30.163170
255,Anyaa,Weija,2025-07-27T17:02:30.163301
256,Anyaa,Weija,2025-07-27T17:02:30.163303
257,"Anyaa 
New market",Weija,2025-07-27T17:02:30.163366
258,Aplaku,Weija,2025-07-27T17:02:30.163437
259,Aplaku,Weija,2025-07-27T17:02:30.163442
260,Awoshie,Weija,2025-07-27T17:02:30.163512
261,Ayaa,Weija,2025-07-27T17:02:30.163797
262,"BAAH YARD, WATERWORKS",Weija,2025-07-27T17:02:30.163817
263,BARRIER,Weija,2025-07-27T17:02:30.163827
264,BARRIER,Weija,2025-07-27T17:02:30.163829
265,BARRIER,Weija,2025-07-27T17:02:30.163830
266,BAWJIASE - AKPETESHIE CAMP,Weija,2025-07-27T17:02:30.163838
267,BAWJIASE OPPOSITE THE METHODIST SCHOOL,Weija,2025-07-27T17:02:30.163839
268,BEHIND OBLOGO CLASTER OF SCHOO,Weija,2025-07-27T17:02:30.163845
269,BEHIND WESTHILLS,Weija,2025-07-27T17:02:30.163847
270,BENJIS,Weija,2025-07-27T17:02:30.163850
271,BENJYS,Weija,2025-07-27T17:02:30.163852
272,BENJYS LODGE,Weija,2025-07-27T17:02:30.163853
273,BLOCK FACTORY,Weija,2025-07-27T17:02:30.163859
274,BLOCKFACTORY,Weija,2025-07-27T17:02:30.163860
275,"BLOCKFACTORY
SCC",Weija,2025-07-27T17:02:30.163862
276,BLOCKFACTORY WEIJA,Weija,2025-07-27T17:02:30.163864
277,BODOMASI,Weija,2025-07-27T17:02:30.163865
278,BOLEMI -GBAWE,Weija,2025-07-27T17:02:30.163867
279,BORKORBORKOR-ABLEKUMAH,Weija,2025-07-27T17:02:30.163869
280,BORLA ROAD DOWN,Weija,2025-07-27T17:02:30.163870
281,BORTIANO,Weija,2025-07-27T17:02:30.163874
282,BORTIANO,Weija,2025-07-27T17:02:30.163875
283,BORTIANOR,Weija,2025-07-27T17:02:30.163877
284,BORTIANOR,Weija,2025-07-27T17:02:30.163879
285,"BORTIANOR
BROADCASTING",Weija,2025-07-27T17:02:30.163889
286,"BORTIANOR 
BEHIND WEST HILLS MALL",Weija,2025-07-27T17:02:30.163887
287,BORTIANOR  -AJASCO,Weija,2025-07-27T17:02:30.163882
288,BORTIANOR AIGBE TOWN,Weija,2025-07-27T17:02:30.163880
289,BORTIANOR BROADCASTING,Weija,2025-07-27T17:02:30.163890
290,BORTIANOR HILLS,Weija,2025-07-27T17:02:30.163894
291,"BORTIANOR, AYIGBE TOWN",Weija,2025-07-27T17:02:30.163885
292,BORTIANOR-ASH BREAD,Weija,2025-07-27T17:02:30.163884
293,BORTIANOR-GOIL FUEL STATION,Weija,2025-07-27T17:02:30.163892
294,BORTIANOR-LIGHT OF THE WORD,Weija,2025-07-27T17:02:30.163895
295,BORTIANOR-MODEX,Weija,2025-07-27T17:02:30.163897
296,BORTIANOR-NEW APLAKU,Weija,2025-07-27T17:02:30.163898
297,"BORTIANOR-NEW APLAKU
172/22",Weija,2025-07-27T17:02:30.163900
298,BORTIANOR-PENTECOST,Weija,2025-07-27T17:02:30.163902
299,BORTINOR-KOKOME JUNCTION,Weija,2025-07-27T17:02:30.163903
300,BREGADE,Weija,2025-07-27T17:02:30.163905
301,"BRIDGADE
AROUND RESURRECTION CHURCH",Weija,2025-07-27T17:02:30.163907
302,BRIGADE,Weija,2025-07-27T17:02:30.163908
303,"BRIGADE
KASOA",Weija,2025-07-27T17:02:30.163916
304,BROADCASTING,Weija,2025-07-27T17:02:30.163919
305,BROADCASTING,Weija,2025-07-27T17:02:30.163921
306,BROADCASTING TOP,Weija,2025-07-27T17:02:30.163922
307,BROADCASTING WEIJA,Weija,2025-07-27T17:02:30.163924
308,BRODCASTLE,Weija,2025-07-27T17:02:30.163926
309,BUBIASHIE ATICO,Weija,2025-07-27T17:02:30.163929
310,BUBIASHIE-BEHIND ACADEMY,Weija,2025-07-27T17:02:30.163933
311,BUBUASHIE,Weija,2025-07-27T17:02:30.163934
312,"BUDUBURAM
AGYENKWA",Weija,2025-07-27T17:02:30.163938
313,BULEIMAN,Weija,2025-07-27T17:02:30.163939
314,BULEMI,Weija,2025-07-27T17:02:30.163941
315,BULEMIN,Weija,2025-07-27T17:02:30.163943
316,BUSIA,Weija,2025-07-27T17:02:30.163944
317,BUSIA JUNCTION,Weija,2025-07-27T17:02:30.163946
318,BUSSIA,Weija,2025-07-27T17:02:30.163947
319,Barrier,Weija,2025-07-27T17:02:30.163823
320,Block factory,Weija,2025-07-27T17:02:30.163857
321,C/O KETA NURSING SCHOOL  /ACCRA  SCC -BLOCK FACTORY,Weija,2025-07-27T17:02:30.163970
322,CAMARA,Weija,2025-07-27T17:02:30.163949
323,CAMP,Weija,2025-07-27T17:02:30.163953
324,"CENTER MARIA 
ANTIEKU",Weija,2025-07-27T17:02:30.163955
325,CHABAA NEAR SHELL FILLING STATION,Weija,2025-07-27T17:02:30.163956
326,CHINIS,Weija,2025-07-27T17:02:30.163958
327,CHOICE,Weija,2025-07-27T17:02:30.163963
328,CHOICE,Weija,2025-07-27T17:02:30.163965
329,"CHOICE 
SCC",Weija,2025-07-27T17:02:30.163966
330,CHOICE  WEIJA,Weija,2025-07-27T17:02:30.163968
331,CP,Weija,2025-07-27T17:02:30.163974
332,Choice,Weija,2025-07-27T17:02:30.163961
333,DANKUMAN,Weija,2025-07-27T17:02:30.163977
334,DANSOMAN,Weija,2025-07-27T17:02:30.163982
335,DANSOMAN,Weija,2025-07-27T17:02:30.163984
336,"DANSOMAN
AGEGE LAST STOP",Weija,2025-07-27T17:02:30.163985
337,"DANSOMAN
OTOJO",Weija,2025-07-27T17:02:30.163997
338,DANSOMAN    AKUKOR  FOTO,Weija,2025-07-27T17:02:30.163987
339,"DANSOMAN , EXHIBITION",Weija,2025-07-27T17:02:30.163994
340,DANSOMAN CONTROL,Weija,2025-07-27T17:02:30.163990
341,DANSOMAN LAST TOP,Weija,2025-07-27T17:02:30.163995
342,DANSOMAN POLICE STATION,Weija,2025-07-27T17:02:30.163998
343,DANSOMAN TWENEBOAH,Weija,2025-07-27T17:02:30.164000
344,DANSOMAN-BEACH,Weija,2025-07-27T17:02:30.163989
345,DARKUMA,Weija,2025-07-27T17:02:30.164002
346,"DARKUMA , KOKOMPE",Weija,2025-07-27T17:02:30.164003
347,DARKUMAN,Weija,2025-07-27T17:02:30.164005
348,DARKUMAN,Weija,2025-07-27T17:02:30.164007
349,"DARKUMAN
MASALAKYI",Weija,2025-07-27T17:02:30.164008
350,"DARKUMAN
NYAMEKYE",Weija,2025-07-27T17:02:30.164010
351,DENKYIRA,Weija,2025-07-27T17:02:30.164012
352,DJAMA,Weija,2025-07-27T17:02:30.164013
353,"DJAMAN
TOP",Weija,2025-07-27T17:02:30.164015
354,DJAMAN TOP BASE,Weija,2025-07-27T17:02:30.164017
355,DJANMA,Weija,2025-07-27T17:02:30.164018
356,DJANMAN,Weija,2025-07-27T17:02:30.164020
357,DODI MEMPEASEM AT YAO  HOUSE,Weija,2025-07-27T17:02:30.164022
358,DODOWA,Weija,2025-07-27T17:02:30.164026
359,"DOME , KWABENYA - ACP ESTATE",Weija,2025-07-27T17:02:30.164031
360,DOMEABRA,Weija,2025-07-27T17:02:30.164027
361,DORMIABRA,Weija,2025-07-27T17:02:30.164033
362,DROBO,Weija,2025-07-27T17:02:30.164034
363,Dansoman,Weija,2025-07-27T17:02:30.163980
364,EAST CATOMENT,Weija,2025-07-27T17:02:30.164036
365,EAST LEGON,Weija,2025-07-27T17:02:30.164038
366,"EAST LEGON
AJINGANOR",Weija,2025-07-27T17:02:30.164040
367,"EAST LEGON , AMERICAN HOUSE",Weija,2025-07-27T17:02:30.164041
368,ENYAN DENKYIRA,Weija,2025-07-27T17:02:30.164045
369,FADAMA,Weija,2025-07-27T17:02:30.164046
370,"FAN MILK 
ABLEKUMA",Weija,2025-07-27T17:02:30.164049
371,"FAN MILK JUNCTION 
ABLEKUMA",Weija,2025-07-27T17:02:30.164055
372,FANMILK,Weija,2025-07-27T17:02:30.164048
373,FANMILK ABLEKUMAH,Weija,2025-07-27T17:02:30.164051
374,FETE KAKRABA NEW SITE,Weija,2025-07-27T17:02:30.164059
375,FETTEH KAKRABA,Weija,2025-07-27T17:02:30.164060
376,FIJAI,Weija,2025-07-27T17:02:30.164062
377,FREEMAN MACARTHY HILL,Weija,2025-07-27T17:02:30.164064
378,FROM ACCRA SCHOOL @ HEPSS,Weija,2025-07-27T17:02:30.164065
379,GALELIA,Weija,2025-07-27T17:02:30.164070
380,GALELIA MARKET,Weija,2025-07-27T17:02:30.164072
381,GALILEA,Weija,2025-07-27T17:02:30.164073
382,"GALILEA
WEST END SCHOOL",Weija,2025-07-27T17:02:30.164078
383,GALILEA  AMANFRO,Weija,2025-07-27T17:02:30.164075
384,GALILEA  MARKET,Weija,2025-07-27T17:02:30.164077
385,GBAWE,Weija,2025-07-27T17:02:30.164085
386,GBAWE,Weija,2025-07-27T17:02:30.164091
387,"GBAWE
AYI QUARTEY LANE",Weija,2025-07-27T17:02:30.164108
388,"GBAWE
BLUECROSS",Weija,2025-07-27T17:02:30.164112
389,"GBAWE
BULEMIN",Weija,2025-07-27T17:02:30.164139
390,"GBAWE
BULIME",Weija,2025-07-27T17:02:30.164161
391,"GBAWE
CP",Weija,2025-07-27T17:02:30.164177
392,"GBAWE
STEP BY STEP",Weija,2025-07-27T17:02:30.164247
393,"GBAWE
TOP BASE",Weija,2025-07-27T17:02:30.164259
394,"GBAWE
ZERO",Weija,2025-07-27T17:02:30.164269
395,"GBAWE 
CP",Weija,2025-07-27T17:02:30.164181
396,"GBAWE 
NEAR TIM SPOT",Weija,2025-07-27T17:02:30.164242
397,"GBAWE 
ZERO",Weija,2025-07-27T17:02:30.164271
398,GBAWE  -CP,Weija,2025-07-27T17:02:30.164194
399,GBAWE  -GONSE,Weija,2025-07-27T17:02:30.164220
400,GBAWE  BULEMIN,Weija,2025-07-27T17:02:30.164143
401,GBAWE  DJAMA,Weija,2025-07-27T17:02:30.164210
402,GBAWE  JAMA,Weija,2025-07-27T17:02:30.164231
403,GBAWE  JULICART,Weija,2025-07-27T17:02:30.164236
404,GBAWE  ZERO,Weija,2025-07-27T17:02:30.164275
405,"GBAWE ,",Weija,2025-07-27T17:02:30.164096
406,"GBAWE , AROUND TOWER SCHOOL",Weija,2025-07-27T17:02:30.164104
407,"GBAWE , BULEMIN",Weija,2025-07-27T17:02:30.164149
408,"GBAWE , CP",Weija,2025-07-27T17:02:30.164200
409,"GBAWE , CP TIME SPOT",Weija,2025-07-27T17:02:30.164209
410,"GBAWE , HILL TOP",Weija,2025-07-27T17:02:30.164225
411,"GBAWE , METHODIST",Weija,2025-07-27T17:02:30.164239
412,"GBAWE , TELECOM",Weija,2025-07-27T17:02:30.164249
413,"GBAWE , TOP BASE",Weija,2025-07-27T17:02:30.164261
414,"GBAWE , ZERO",Weija,2025-07-27T17:02:30.164276
415,"GBAWE , ZERO",Weija,2025-07-27T17:02:30.164280
416,GBAWE -,Weija,2025-07-27T17:02:30.164100
417,GBAWE BLUE CROSS,Weija,2025-07-27T17:02:30.164116
418,GBAWE BULEM,Weija,2025-07-27T17:02:30.164119
419,GBAWE BULEMI JUNCTION,Weija,2025-07-27T17:02:30.164131
420,GBAWE BULEMIN,Weija,2025-07-27T17:02:30.164153
421,GBAWE BULEMIN,Weija,2025-07-27T17:02:30.164157
422,GBAWE CEMETRY,Weija,2025-07-27T17:02:30.164165
423,GBAWE CP,Weija,2025-07-27T17:02:30.164203
424,GBAWE CP,Weija,2025-07-27T17:02:30.164205
425,"GBAWE CP 
COLDE STORE",Weija,2025-07-27T17:02:30.164207
426,GBAWE DJAMAN,Weija,2025-07-27T17:02:30.164212
427,GBAWE DOWN,Weija,2025-07-27T17:02:30.164214
428,GBAWE GONGSE,Weija,2025-07-27T17:02:30.164218
429,GBAWE JAMAH,Weija,2025-07-27T17:02:30.164233
430,GBAWE METHODIST,Weija,2025-07-27T17:02:30.164241
431,GBAWE STATION,Weija,2025-07-27T17:02:30.164246
432,GBAWE TELECOM,Weija,2025-07-27T17:02:30.164251
433,GBAWE TELECOM,Weija,2025-07-27T17:02:30.164252
434,GBAWE TOP BASE,Weija,2025-07-27T17:02:30.164262
435,GBAWE TOPBASE,Weija,2025-07-27T17:02:30.164264
436,GBAWE ZERO,Weija,2025-07-27T17:02:30.164282
437,GBAWE ZERO,Weija,2025-07-27T17:02:30.164286
438,GBAWE ZERO -HILLTOP-PRESBY CHURCH,Weija,2025-07-27T17:02:30.164293
439,"GBAWE, ZERO",Weija,2025-07-27T17:02:30.164290
440,GBAWE-BULEMI,Weija,2025-07-27T17:02:30.164123
441,GBAWE-GRAVEL JUNCTN,Weija,2025-07-27T17:02:30.164222
442,GBAWE-IKE QUAREEY,Weija,2025-07-27T17:02:30.164227
443,GBAWE-JAYLO,Weija,2025-07-27T17:02:30.164234
444,GBAWE-LAST STOP,Weija,2025-07-27T17:02:30.164237
445,GBAWE-TOP BASE,Weija,2025-07-27T17:02:30.164266
446,GBAWE-ZERO,Weija,2025-07-27T17:02:30.164291
447,GBAWE. BULEMI,Weija,2025-07-27T17:02:30.164127
448,GBAWEH,Weija,2025-07-27T17:02:30.164223
449,GBEWE,Weija,2025-07-27T17:02:30.164295
450,GBEWE BULEMEY,Weija,2025-07-27T17:02:30.164296
451,GBEWE NEAR THE EVENT CENTRE,Weija,2025-07-27T17:02:30.164298
452,GBEWE ZERO,Weija,2025-07-27T17:02:30.164305
453,GOMOA   FATA,Weija,2025-07-27T17:02:30.164307
454,GPRTU ABAKUM - KASOA,Weija,2025-07-27T17:02:30.164308
455,Galalie,Weija,2025-07-27T17:02:30.164067
456,Galelia,Weija,2025-07-27T17:02:30.164068
457,Gbawe,Weija,2025-07-27T17:02:30.164083
458,Gbawe Bulemin,Weija,2025-07-27T17:02:30.164135
459,Gbawe Clinic,Weija,2025-07-27T17:02:30.164169
460,HONGKONG  KWASHIEMAN,Weija,2025-07-27T17:02:30.164315
461,JAMES TOWN CHOCO,Weija,2025-07-27T17:02:30.164317
462,JEI RIVER,Weija,2025-07-27T17:02:30.164319
463,JORWORLU  LAST  STOP,Weija,2025-07-27T17:02:30.164320
464,JORWULU  LAST  STOP,Weija,2025-07-27T17:02:30.164322
465,KALABULA,Weija,2025-07-27T17:02:30.164325
466,KALABULE,Weija,2025-07-27T17:02:30.164327
467,"KALABULE, TOLLBOOTH",Weija,2025-07-27T17:02:30.164329
468,KANESHIE,Weija,2025-07-27T17:02:30.164330
469,KANESHIE FRIST LIGHT,Weija,2025-07-27T17:02:30.164332
470,"KAOSA 
BOMETE",Weija,2025-07-27T17:02:30.164334
471,KAOSA-NYANYANOR,Weija,2025-07-27T17:02:30.164336
472,KAOSOA,Weija,2025-07-27T17:02:30.164340
473,KAS-PAPASEOA,Weija,2025-07-27T17:02:30.164624
474,KASAO,Weija,2025-07-27T17:02:30.164345
475,"KASO
NURSES'S",Weija,2025-07-27T17:02:30.164620
476,KASOA,Weija,2025-07-27T17:02:30.164354
477,KASOA,Weija,2025-07-27T17:02:30.164356
478,"KASOA
ACC",Weija,2025-07-27T17:02:30.164357
479,"KASOA
ADAM NANA",Weija,2025-07-27T17:02:30.164364
480,"KASOA
BIG APPLE",Weija,2025-07-27T17:02:30.164404
481,"KASOA
BROADCASTING",Weija,2025-07-27T17:02:30.164417
482,"KASOA
BUDUMBURUM",Weija,2025-07-27T17:02:30.164420
483,"KASOA
DOMEABRA",Weija,2025-07-27T17:02:30.164435
484,"KASOA
KAKRABA DOWN",Weija,2025-07-27T17:02:30.164474
485,"KASOA
KALABULEY",Weija,2025-07-27T17:02:30.164479
486,"KASOA
KASAPA",Weija,2025-07-27T17:02:30.164481
487,"KASOA
MILLINIUM CITY",Weija,2025-07-27T17:02:30.164500
488,"KASOA
NEW TOWN",Weija,2025-07-27T17:02:30.164510
489,"KASOA
NURSES COURTESS",Weija,2025-07-27T17:02:30.164519
490,"KASOA
NURSES QUARTERS",Weija,2025-07-27T17:02:30.164520
491,"KASOA
OFFANKOR",Weija,2025-07-27T17:02:30.164553
492,"KASOA
OPEIKUMA",Weija,2025-07-27T17:02:30.164559
493,"KASOA
PAPAASE",Weija,2025-07-27T17:02:30.164568
494,"KASOA
PAPASE",Weija,2025-07-27T17:02:30.164572
495,"KASOA
PEACEFUL CITY",Weija,2025-07-27T17:02:30.164573
496,"KASOA
TIPPER",Weija,2025-07-27T17:02:30.164594
497,"KASOA
TOPBOOTH",Weija,2025-07-27T17:02:30.164597
498,"KASOA 
IRON CITY",Weija,2025-07-27T17:02:30.164464
499,"KASOA 
LIBERIA CAMP",Weija,2025-07-27T17:02:30.164495
500,"KASOA 
NURSE'S QUARTERS",Weija,2025-07-27T17:02:30.164522
501,"KASOA 
OFANJKOR",Weija,2025-07-27T17:02:30.164542
502,"KASOA 
OFFAKOR",Weija,2025-07-27T17:02:30.164551
503,KASOA  -AMANFROM,Weija,2025-07-27T17:02:30.164377
504,KASOA  ACC,Weija,2025-07-27T17:02:30.164359
505,KASOA  ADADE,Weija,2025-07-27T17:02:30.164362
506,KASOA  BIG  APPLE,Weija,2025-07-27T17:02:30.164405
507,KASOA  IRON  CITY,Weija,2025-07-27T17:02:30.164465
508,KASOA  LAMPTEY,Weija,2025-07-27T17:02:30.164486
509,KASOA  OFFICIAL TOWN,Weija,2025-07-27T17:02:30.164554
510,"KASOA , AMERICAN DOWN",Weija,2025-07-27T17:02:30.164388
511,"KASOA , BIG APPLE",Weija,2025-07-27T17:02:30.164407
512,"KASOA , BRIGADE",Weija,2025-07-27T17:02:30.164415
513,"KASOA , DOMEABRA",Weija,2025-07-27T17:02:30.164437
514,"KASOA , GALELIA",Weija,2025-07-27T17:02:30.164448
515,"KASOA , GALELIA MARKET",Weija,2025-07-27T17:02:30.164450
516,"KASOA , KAKRABA",Weija,2025-07-27T17:02:30.164469
517,"KASOA , KOJOKU",Weija,2025-07-27T17:02:30.164483
518,"KASOA , NYANYANO",Weija,2025-07-27T17:02:30.164524
519,"KASOA , TOP HILL",Weija,2025-07-27T17:02:30.164600
520,"KASOA , WALANTU",Weija,2025-07-27T17:02:30.164610
521,"KASOA ,OPEIKUMA",Weija,2025-07-27T17:02:30.164561
522,KASOA -AKWELEY,Weija,2025-07-27T17:02:30.164371
523,KASOA ACC,Weija,2025-07-27T17:02:30.164361
524,KASOA AKOTI,Weija,2025-07-27T17:02:30.164367
525,KASOA AKWELE,Weija,2025-07-27T17:02:30.164369
526,KASOA AKWELEY,Weija,2025-07-27T17:02:30.164372
527,KASOA AMAMFROM,Weija,2025-07-27T17:02:30.164376
528,KASOA AMANFROM,Weija,2025-07-27T17:02:30.164381
529,KASOA AMANFROM,Weija,2025-07-27T17:02:30.164383
530,KASOA AMANFROM PEACE TOWN,Weija,2025-07-27T17:02:30.164386
531,KASOA APLAKU,Weija,2025-07-27T17:02:30.164391
532,KASOA ASH TOWN,Weija,2025-07-27T17:02:30.164393
533,KASOA AYIGBE TOWN,Weija,2025-07-27T17:02:30.164395
534,KASOA BARRIER,Weija,2025-07-27T17:02:30.164396
535,KASOA BLOCK FACTORY,Weija,2025-07-27T17:02:30.164412
536,KASOA BRAODCASTING,Weija,2025-07-27T17:02:30.164414
537,KASOA BROADCASTING,Weija,2025-07-27T17:02:30.164419
538,KASOA CAMP,Weija,2025-07-27T17:02:30.164422
539,KASOA CHOICE,Weija,2025-07-27T17:02:30.164427
540,KASOA CP,Weija,2025-07-27T17:02:30.164430
541,KASOA DOMEABRA,Weija,2025-07-27T17:02:30.164439
542,KASOA GALELEA,Weija,2025-07-27T17:02:30.164445
543,KASOA GALILEA,Weija,2025-07-27T17:02:30.164453
544,KASOA GALILIEA,Weija,2025-07-27T17:02:30.164456
545,KASOA GALLELIA,Weija,2025-07-27T17:02:30.164460
546,KASOA GALLILEA,Weija,2025-07-27T17:02:30.164462
547,KASOA IRON CITY,Weija,2025-07-27T17:02:30.164467
548,KASOA KAKRABA,Weija,2025-07-27T17:02:30.164470
549,KASOA KRISPO CITY,Weija,2025-07-27T17:02:30.164484
550,KASOA LAMPTEY MILLS,Weija,2025-07-27T17:02:30.164489
551,KASOA LAMTEY MILLS,Weija,2025-07-27T17:02:30.164493
552,KASOA MANGO LANE,Weija,2025-07-27T17:02:30.164496
553,KASOA NEW APLAKU,Weija,2025-07-27T17:02:30.164501
554,KASOA NEW MARKET,Weija,2025-07-27T17:02:30.164505
555,KASOA NEW MARKET,Weija,2025-07-27T17:02:30.164506
556,KASOA NEW TOWN,Weija,2025-07-27T17:02:30.164511
557,KASOA NURSE QUATERS,Weija,2025-07-27T17:02:30.164517
558,KASOA NYANYANO,Weija,2025-07-27T17:02:30.164525
559,KASOA NYAYANO,Weija,2025-07-27T17:02:30.164532
560,KASOA OBOM ROAD,Weija,2025-07-27T17:02:30.164534
561,KASOA OBOM ROAD,Weija,2025-07-27T17:02:30.164535
562,KASOA OFAAKOR,Weija,2025-07-27T17:02:30.164540
563,KASOA OFANKOR,Weija,2025-07-27T17:02:30.164546
564,KASOA OFANKOR,Weija,2025-07-27T17:02:30.164548
565,KASOA OLD BARRIER,Weija,2025-07-27T17:02:30.164558
566,KASOA OTA CITY,Weija,2025-07-27T17:02:30.164563
567,KASOA OTAMENS,Weija,2025-07-27T17:02:30.164564
568,KASOA ROAD BROADCASTING,Weija,2025-07-27T17:02:30.164582
569,KASOA ROAD MENDSKROM,Weija,2025-07-27T17:02:30.164584
570,KASOA SCC,Weija,2025-07-27T17:02:30.164585
571,KASOA SECOND,Weija,2025-07-27T17:02:30.164587
572,KASOA SECOND GATE,Weija,2025-07-27T17:02:30.164589
573,KASOA SEMEHYIA,Weija,2025-07-27T17:02:30.164590
574,KASOA SHALOM,Weija,2025-07-27T17:02:30.164592
575,KASOA TOPBASE,Weija,2025-07-27T17:02:30.164595
576,KASOA TUBA,Weija,2025-07-27T17:02:30.164605
577,KASOA TUBA KWAIT,Weija,2025-07-27T17:02:30.164609
578,KASOA WALANTU,Weija,2025-07-27T17:02:30.164612
579,KASOA WALATU,Weija,2025-07-27T17:02:30.164614
580,KASOA WALATU WT56/1,Weija,2025-07-27T17:02:30.164615
581,KASOA WINGA,Weija,2025-07-27T17:02:30.164617
582,KASOA ZONGO,Weija,2025-07-27T17:02:30.164619
583,"KASOA, AMERICAN TOWN",Weija,2025-07-27T17:02:30.164390
584,"KASOA, MILLENIUM CITY",Weija,2025-07-27T17:02:30.164498
585,"KASOA, NYANYANO RD , FIIFI JUNCTION",Weija,2025-07-27T17:02:30.164529
586,"KASOA, NYANYANO RD, FIIFI JUNCTION",Weija,2025-07-27T17:02:30.164530
587,"KASOA, TUBA",Weija,2025-07-27T17:02:30.164607
588,"KASOA,NEW MARKET",Weija,2025-07-27T17:02:30.164508
589,KASOA- QUARTERS NEAR  WASHING BASE,Weija,2025-07-27T17:02:30.164580
590,KASOA-ADAM NANA,Weija,2025-07-27T17:02:30.164366
591,KASOA-AKWELEY,Weija,2025-07-27T17:02:30.164374
592,KASOA-AMANFROM,Weija,2025-07-27T17:02:30.164385
593,KASOA-BAWJIASE,Weija,2025-07-27T17:02:30.164398
594,KASOA-BIG APPLE,Weija,2025-07-27T17:02:30.164409
595,KASOA-CAMP,Weija,2025-07-27T17:02:30.164424
596,KASOA-CP,Weija,2025-07-27T17:02:30.164432
597,KASOA-DANCHRA,Weija,2025-07-27T17:02:30.164434
598,KASOA-DOMIBRAH,Weija,2025-07-27T17:02:30.164440
599,KASOA-GALILEA,Weija,2025-07-27T17:02:30.164455
600,KASOA-KAKRABA,Weija,2025-07-27T17:02:30.164472
601,KASOA-LAMPTEY MILLS,Weija,2025-07-27T17:02:30.164491
602,KASOA-NYANYANO,Weija,2025-07-27T17:02:30.164527
603,KASOA-OBOOM RD,Weija,2025-07-27T17:02:30.164537
604,KASOA-OCOLOMBA,Weija,2025-07-27T17:02:30.164539
605,KASOA-OFANKOR,Weija,2025-07-27T17:02:30.164549
606,KASOA-PAPAASE NO CLOSE TO JUSTAB,Weija,2025-07-27T17:02:30.164570
607,KASOA-PINK FM,Weija,2025-07-27T17:02:30.164579
608,KASOA-TOP TOWN,Weija,2025-07-27T17:02:30.164602
609,KINTAMPO,Weija,2025-07-27T17:02:30.164627
610,KODUAH KASOA,Weija,2025-07-27T17:02:30.164629
611,KOITA,Weija,2025-07-27T17:02:30.164633
612,KOKROBETE,Weija,2025-07-27T17:02:30.164638
613,KOKROBITE,Weija,2025-07-27T17:02:30.164643
614,KOKROBITE,Weija,2025-07-27T17:02:30.164644
615,"KOKROBITE

KOKROBITE",Weija,2025-07-27T17:02:30.164646
616,"KOKROBITE , OSHIE",Weija,2025-07-27T17:02:30.164648
617,KOKROBITEY,Weija,2025-07-27T17:02:30.164649
618,KOKROBITEY  POLICE STATION,Weija,2025-07-27T17:02:30.164653
619,"KOKROBITY
BIG MILLIS",Weija,2025-07-27T17:02:30.164655
620,KOKRROBITE,Weija,2025-07-27T17:02:30.164657
621,KORLE BU,Weija,2025-07-27T17:02:30.164662
622,KORMANTSE,Weija,2025-07-27T17:02:30.164664
623,KRODUA ANOMOBE,Weija,2025-07-27T17:02:30.164666
624,"KUMASI,TECH",Weija,2025-07-27T17:02:30.164667
625,KWABENYA,Weija,2025-07-27T17:02:30.164671
626,KWAERSHIMAN HONG KONG,Weija,2025-07-27T17:02:30.164672
627,KWAHU MPREASO - NEAR STADIUM,Weija,2025-07-27T17:02:30.164674
628,KWASHIEBU,Weija,2025-07-27T17:02:30.164677
629,"KWASHIEBU , AROUND TOP RIDGE SCHOOL",Weija,2025-07-27T17:02:30.164679
630,"KWASHIEBU , ROMAN",Weija,2025-07-27T17:02:30.164684
631,"KWASHIEBU , TEMPLE STREET",Weija,2025-07-27T17:02:30.164686
632,KWASHIEBU - NEAR TOP RIDGE,Weija,2025-07-27T17:02:30.164682
633,KWASHIEBU-DORDOR,Weija,2025-07-27T17:02:30.164681
634,KWASHIEMAN,Weija,2025-07-27T17:02:30.164693
635,KWASHIEMAN,Weija,2025-07-27T17:02:30.164695
636,"KWASHIEMAN
ADE JUNCTION",Weija,2025-07-27T17:02:30.164697
637,"KWASHIEMAN
BEEN TO",Weija,2025-07-27T17:02:30.164702
638,"KWASHIEMAN
BEEN-TO",Weija,2025-07-27T17:02:30.164703
639,"KWASHIEMAN
HAPPY KIDS",Weija,2025-07-27T17:02:30.164712
640,"KWASHIEMAN
HAPPY KIDS SCHOOL",Weija,2025-07-27T17:02:30.164715
641,"KWASHIEMAN 
PRESBY",Weija,2025-07-27T17:02:30.164720
642,"KWASHIEMAN , AROUND ECOBANK",Weija,2025-07-27T17:02:30.164698
643,"KWASHIEMAN , AROUND HAPPY KIDS",Weija,2025-07-27T17:02:30.164700
644,"KWASHIEMAN , BEEN -TO",Weija,2025-07-27T17:02:30.164705
645,"KWASHIEMAN , BEEN-TO",Weija,2025-07-27T17:02:30.164707
646,"KWASHIEMAN , HAPPY KIDS",Weija,2025-07-27T17:02:30.164713
647,KWASHIEMAN -UNDER THE  FOOT BRIDGE,Weija,2025-07-27T17:02:30.164723
648,KWASHIEMAN BEEN TO,Weija,2025-07-27T17:02:30.164708
649,KWASHIEMAN CHRIST MISSION,Weija,2025-07-27T17:02:30.164710
650,KWASHIEMAN KOBINSEY SCHOOL/CHURCH,Weija,2025-07-27T17:02:30.164717
651,KWASHIEMAN OFFICIAL TOWN,Weija,2025-07-27T17:02:30.164718
652,KWASHIEMAN STATION,Weija,2025-07-27T17:02:30.164722
653,KWASHIEMAN ZONGO,Weija,2025-07-27T17:02:30.164725
654,KWASHIMAN,Weija,2025-07-27T17:02:30.164730
655,KWASHIMAN,Weija,2025-07-27T17:02:30.164732
656,KWASIBU,Weija,2025-07-27T17:02:30.164733
657,"KWASIBU
RECT ACADEMY",Weija,2025-07-27T17:02:30.164735
658,KWASIEMAN,Weija,2025-07-27T17:02:30.164737
659,KWASIHEMAN,Weija,2025-07-27T17:02:30.164738
660,Kasoa,Weija,2025-07-27T17:02:30.164350
661,Kasoa,Weija,2025-07-27T17:02:30.164352
662,Kasoa Lamptey mills,Weija,2025-07-27T17:02:30.164488
663,Kasoa choice,Weija,2025-07-27T17:02:30.164425
664,Kasoa- new market,Weija,2025-07-27T17:02:30.164503
665,Kwabenya,Weija,2025-07-27T17:02:30.164669
666,Kwashieman,Weija,2025-07-27T17:02:30.164689
667,LAPAZ,Weija,2025-07-27T17:02:30.164740
668,LAPAZ,Weija,2025-07-27T17:02:30.164742
669,"LAPAZ
TIE TOP",Weija,2025-07-27T17:02:30.164758
670,"LAPAZ , NEW MARKET",Weija,2025-07-27T17:02:30.164751
671,"LAPAZ , RACE COURSE",Weija,2025-07-27T17:02:30.164754
672,LAPAZ FISH POND,Weija,2025-07-27T17:02:30.164743
673,LAPAZ-FISH POND,Weija,2025-07-27T17:02:30.164749
674,LAPAZ-NYAMKYE,Weija,2025-07-27T17:02:30.164753
675,LAPEZ FLAT TOP,Weija,2025-07-27T17:02:30.164760
676,LATEBIOKOSHI,Weija,2025-07-27T17:02:30.164762
677,LIBERIA CAMP,Weija,2025-07-27T17:02:30.164763
678,LIBERIA CAMP,Weija,2025-07-27T17:02:30.164765
679,LIBERIAN CAMP BUDUMBURAM,Weija,2025-07-27T17:02:30.164771
680,M.HILLS,Weija,2025-07-27T17:02:30.165066
681,"M24, MFRANO SUHUM",Weija,2025-07-27T17:02:30.164774
682,MACARTHEY HILL,Weija,2025-07-27T17:02:30.164776
683,MACARTHY,Weija,2025-07-27T17:02:30.164778
684,MACCARTHY,Weija,2025-07-27T17:02:30.164781
685,"MACCARTHY HILL , 13TH AVENUE",Weija,2025-07-27T17:02:30.164783
686,MACCATHARY,Weija,2025-07-27T17:02:30.164784
687,MADINA,Weija,2025-07-27T17:02:30.164786
688,MADINA-NEW RD,Weija,2025-07-27T17:02:30.164788
689,MALLA,Weija,2025-07-27T17:02:30.164793
690,MALLAM,Weija,2025-07-27T17:02:30.164801
691,MALLAM,Weija,2025-07-27T17:02:30.164803
692,"MALLAM
ABEASE",Weija,2025-07-27T17:02:30.164815
693,"MALLAM
AFTER CHURCH",Weija,2025-07-27T17:02:30.164822
694,"MALLAM
BORLA TOP",Weija,2025-07-27T17:02:30.164837
695,"MALLAM
KOKROKO",Weija,2025-07-27T17:02:30.164866
696,"MALLAM
MASALACHI",Weija,2025-07-27T17:02:30.164879
697,"MALLAM 
ABAESE",Weija,2025-07-27T17:02:30.164806
698,"MALLAM 
ABEASE",Weija,2025-07-27T17:02:30.164817
699,MALLAM  ABEASE,Weija,2025-07-27T17:02:30.164819
700,MALLAM  JUNCTION,Weija,2025-07-27T17:02:30.164859
701,"MALLAM , MASALACHI",Weija,2025-07-27T17:02:30.164881
702,MALLAM -BOLLER ROAD,Weija,2025-07-27T17:02:30.164830
703,MALLAM ABAASE,Weija,2025-07-27T17:02:30.164804
704,MALLAM ABASE,Weija,2025-07-27T17:02:30.164808
705,MALLAM ABEASE,Weija,2025-07-27T17:02:30.164821
706,MALLAM AFTER CHURCH,Weija,2025-07-27T17:02:30.164824
707,MALLAM BORLA ROAD,Weija,2025-07-27T17:02:30.164832
708,MALLAM BULA  ROAD,Weija,2025-07-27T17:02:30.164839
709,MALLAM BULA ROAD,Weija,2025-07-27T17:02:30.164840
710,MALLAM BULLEYME TOP,Weija,2025-07-27T17:02:30.164842
711,MALLAM IKE QUARTEY,Weija,2025-07-27T17:02:30.164851
712,MALLAM JULICART,Weija,2025-07-27T17:02:30.164853
713,MALLAM JULIKART,Weija,2025-07-27T17:02:30.164854
714,MALLAM JUNCTION,Weija,2025-07-27T17:02:30.164861
715,MALLAM KOKROKO,Weija,2025-07-27T17:02:30.164868
716,MALLAM MARKET,Weija,2025-07-27T17:02:30.164876
717,MALLAM MARKET,Weija,2025-07-27T17:02:30.164878
718,MALLAM MASALACHI,Weija,2025-07-27T17:02:30.164883
719,MALLAM MASALASTI,Weija,2025-07-27T17:02:30.164888
720,MALLAM MASLACHI,Weija,2025-07-27T17:02:30.164889
721,MALLAM OYENASI,Weija,2025-07-27T17:02:30.164893
722,MALLAM STATION,Weija,2025-07-27T17:02:30.164896
723,"MALLAM, BORLA ROAD",Weija,2025-07-27T17:02:30.164834
724,"MALLAM, LAFA POLICE STATION",Weija,2025-07-27T17:02:30.164872
725,"MALLAM, MASALACHIE",Weija,2025-07-27T17:02:30.164886
726,MALLAM-BOLA RD,Weija,2025-07-27T17:02:30.164827
727,MALLAM-GBAWE,Weija,2025-07-27T17:02:30.164844
728,MALLAM-GUINNESS DEPOT,Weija,2025-07-27T17:02:30.164847
729,MALLAM-JULI KURT,Weija,2025-07-27T17:02:30.164856
730,MALLAM-JUNCTION,Weija,2025-07-27T17:02:30.164863
731,MALLAM-MASALACHI,Weija,2025-07-27T17:02:30.164884
732,MALLAM-NEW GBAWE,Weija,2025-07-27T17:02:30.164891
733,MALLAM-STATION,Weija,2025-07-27T17:02:30.164898
734,"MALLAM-STATION
50652/17
MR-12A-B7-89",Weija,2025-07-27T17:02:30.164899
735,MALLAMBORLA ROAD,Weija,2025-07-27T17:02:30.164835
736,MAMPONG,Weija,2025-07-27T17:02:30.164901
737,MAMPONTENG,Weija,2025-07-27T17:02:30.164902
738,MANDELLA GOSPEL LIGHT,Weija,2025-07-27T17:02:30.164904
739,MANGO LANE,Weija,2025-07-27T17:02:30.164909
740,MANGOASE-AWOSHIE,Weija,2025-07-27T17:02:30.164907
741,MANHEA PEACE VILLAGE,Weija,2025-07-27T17:02:30.164911
742,"MATAHEKO, NEAR KANESHIE ZONGO JUNCTION",Weija,2025-07-27T17:02:30.164919
743,MATAHEKO-KUCHACHA,Weija,2025-07-27T17:02:30.164917
744,MATAHEKO-RUSSIA,Weija,2025-07-27T17:02:30.164921
745,MC CARTHY,Weija,2025-07-27T17:02:30.164940
746,MC CARTHY HILL,Weija,2025-07-27T17:02:30.164976
747,MC CARTY,Weija,2025-07-27T17:02:30.165034
748,MC-CARTHY,Weija,2025-07-27T17:02:30.164944
749,MCARTHY PENTECOST,Weija,2025-07-27T17:02:30.164922
750,MCARTHY TOP,Weija,2025-07-27T17:02:30.164924
751,"MCCACRTHY HILL , AROUND BLACK RASTA",Weija,2025-07-27T17:02:30.164925
752,MCCARHTY HILL DOWN,Weija,2025-07-27T17:02:30.164927
753,MCCARTH,Weija,2025-07-27T17:02:30.164931
754,"MCCARTH HILL
8TH AVENUE",Weija,2025-07-27T17:02:30.164933
755,MCCARTHY,Weija,2025-07-27T17:02:30.164945
756,MCCARTHY,Weija,2025-07-27T17:02:30.164947
757,"MCCARTHY
13TH AVENUE",Weija,2025-07-27T17:02:30.164949
758,"MCCARTHY
CATHOLIC CHURCH",Weija,2025-07-27T17:02:30.164962
759,"MCCARTHY
LAST STOP",Weija,2025-07-27T17:02:30.165017
760,MCCARTHY  HILL  - JAYEE,Weija,2025-07-27T17:02:30.165007
761,MCCARTHY  HILL  -4TH  AVENUE,Weija,2025-07-27T17:02:30.164990
762,MCCARTHY  HILL 10 AVE,Weija,2025-07-27T17:02:30.164983
763,MCCARTHY 4 AVENU,Weija,2025-07-27T17:02:30.164954
764,MCCARTHY 4TH AVENUE,Weija,2025-07-27T17:02:30.164955
765,MCCARTHY BENJYS DOWN,Weija,2025-07-27T17:02:30.164959
766,MCCARTHY BORLA ROAD,Weija,2025-07-27T17:02:30.164960
767,MCCARTHY DOWN,Weija,2025-07-27T17:02:30.164967
768,MCCARTHY DOWN,Weija,2025-07-27T17:02:30.164971
769,MCCARTHY DOWN,Weija,2025-07-27T17:02:30.164973
770,MCCARTHY HILL,Weija,2025-07-27T17:02:30.164978
771,MCCARTHY HILL,Weija,2025-07-27T17:02:30.164979
772,"MCCARTHY HILL
4TH AVENUE",Weija,2025-07-27T17:02:30.164991
773,"MCCARTHY HILL ,",Weija,2025-07-27T17:02:30.164981
774,"MCCARTHY HILL , BENJYS",Weija,2025-07-27T17:02:30.164995
775,"MCCARTHY HILL , DOWN",Weija,2025-07-27T17:02:30.164998
776,"MCCARTHY HILL , HILL VIEW HOTEL",Weija,2025-07-27T17:02:30.165003
777,"MCCARTHY HILL , LAST STOP",Weija,2025-07-27T17:02:30.165010
778,"MCCARTHY HILL , TOP",Weija,2025-07-27T17:02:30.165013
779,MCCARTHY HILL 10TH AVENUE,Weija,2025-07-27T17:02:30.164984
780,MCCARTHY HILL BREEZE FM,Weija,2025-07-27T17:02:30.164997
781,MCCARTHY HILL DOWN,Weija,2025-07-27T17:02:30.165000
782,MCCARTHY HILL JAYEE,Weija,2025-07-27T17:02:30.165008
783,MCCARTHY HILL-4TH AVENUE,Weija,2025-07-27T17:02:30.164993
784,MCCARTHY HILL-DOWN,Weija,2025-07-27T17:02:30.165002
785,MCCARTHY HILL-MENSKROM,Weija,2025-07-27T17:02:30.165012
786,MCCARTHY MANGOLINE,Weija,2025-07-27T17:02:30.165022
787,MCCARTHY SPACE LOOK,Weija,2025-07-27T17:02:30.165029
788,MCCARTHY TOP,Weija,2025-07-27T17:02:30.165030
789,"MCCARTHY, LAST STOP",Weija,2025-07-27T17:02:30.165018
790,"MCCARTHY- LAST STOP
OCEAN LOOKOUT",Weija,2025-07-27T17:02:30.165020
791,"MCCARTHYHILL , TOP",Weija,2025-07-27T17:02:30.165015
792,MCCARTHYY. LOUIS,Weija,2025-07-27T17:02:30.165032
793,"MCCARTYH HILL
4TH AVENUE",Weija,2025-07-27T17:02:30.165035
794,MCCATHY,Weija,2025-07-27T17:02:30.165037
795,MCCATHY 4TH AVENUE,Weija,2025-07-27T17:02:30.165039
796,MCCATHY DOWN,Weija,2025-07-27T17:02:30.165040
797,MCCCARTHY,Weija,2025-07-27T17:02:30.165044
798,MCcarthy HILL JAYEE,Weija,2025-07-27T17:02:30.165005
799,MEDIE,Weija,2025-07-27T17:02:30.165051
800,MELENUM CITY SETER 4,Weija,2025-07-27T17:02:30.165053
801,MENDS KROM,Weija,2025-07-27T17:02:30.165056
802,MENDSKROM,Weija,2025-07-27T17:02:30.165058
803,MENSKROM,Weija,2025-07-27T17:02:30.165059
804,MENSKROM,Weija,2025-07-27T17:02:30.165061
805,"MENSKROM,NEAR PAMBROS",Weija,2025-07-27T17:02:30.165062
806,MENZKROM,Weija,2025-07-27T17:02:30.165064
807,MILE 11,Weija,2025-07-27T17:02:30.165069
808,"MILE 11 , FINNEY HOSPITAL - WEIJA",Weija,2025-07-27T17:02:30.165073
809,MILLE  11,Weija,2025-07-27T17:02:30.165076
810,MUMFORD APAM,Weija,2025-07-27T17:02:30.165078
811,Mallam,Weija,2025-07-27T17:02:30.164799
812,Marcathy Hill,Weija,2025-07-27T17:02:30.164914
813,McCARTHY 18 AVENUE,Weija,2025-07-27T17:02:30.164950
814,McCARTHY 20TH AVENUE,Weija,2025-07-27T17:02:30.164952
815,"McCARTHY HILL, 4, 9TH AVENUE",Weija,2025-07-27T17:02:30.164986
816,McCARTHY OPPOSITE RESEVOIR,Weija,2025-07-27T17:02:30.165023
817,McCHARTHY DOWN,Weija,2025-07-27T17:02:30.165048
818,McCarthy,Weija,2025-07-27T17:02:30.164938
819,McCarthy Royal palm avennue,Weija,2025-07-27T17:02:30.165025
820,McCarthy hill,Weija,2025-07-27T17:02:30.164974
821,Mccarthy,Weija,2025-07-27T17:02:30.164936
822,Mccarthy down,Weija,2025-07-27T17:02:30.164965
823,Mends,Weija,2025-07-27T17:02:30.165054
824,Mile 11,Weija,2025-07-27T17:02:30.165067
825,NEW   BOTIANOR,Weija,2025-07-27T17:02:30.165149
826,NEW APLAKU,Weija,2025-07-27T17:02:30.165081
827,"NEW APLAKU
BLOCKFACTORY",Weija,2025-07-27T17:02:30.165083
828,"NEW APLAKU
TOP",Weija,2025-07-27T17:02:30.165086
829,"NEW APLAKU , BLOCK FACTORY",Weija,2025-07-27T17:02:30.165085
830,"NEW BORTIAN
GOLDEN VALLEYOR",Weija,2025-07-27T17:02:30.165088
831,NEW BORTIANO,Weija,2025-07-27T17:02:30.165091
832,NEW BORTIANO-MILE 11,Weija,2025-07-27T17:02:30.165094
833,"NEW BORTIANOE
ROUNDABUT DOWN",Weija,2025-07-27T17:02:30.165093
834,NEW BORTIANOR,Weija,2025-07-27T17:02:30.165098
835,NEW BORTIANOR,Weija,2025-07-27T17:02:30.165100
836,"NEW BORTIANOR
AYIGBE TOWN",Weija,2025-07-27T17:02:30.165110
837,"NEW BORTIANOR ,",Weija,2025-07-27T17:02:30.165101
838,"NEW BORTIANOR , BOJO BEACH",Weija,2025-07-27T17:02:30.165115
839,"NEW BORTIANOR , LAS VEGAS",Weija,2025-07-27T17:02:30.165139
840,"NEW BORTIANOR , MILE 11",Weija,2025-07-27T17:02:30.165141
841,NEW BORTIANOR AYIGBE TOWN,Weija,2025-07-27T17:02:30.165112
842,NEW BORTIANOR-ADANSEMAN,Weija,2025-07-27T17:02:30.165107
843,NEW BORTIANOR-AYEGBE TOWN,Weija,2025-07-27T17:02:30.165108
844,NEW BORTIANOR-AYIGBE TOWN,Weija,2025-07-27T17:02:30.165113
845,NEW BORTIANOR-BROADCASTLING,Weija,2025-07-27T17:02:30.165137
846,NEW BORTIANOR-MILE 11,Weija,2025-07-27T17:02:30.165142
847,NEW BORTIANOR-SHOP RITE,Weija,2025-07-27T17:02:30.165145
848,NEW BORTIANORBROADCASTING,Weija,2025-07-27T17:02:30.165136
849,NEW BOTIANOR,Weija,2025-07-27T17:02:30.165150
850,NEW GBAWE,Weija,2025-07-27T17:02:30.165154
851,NEW GBAWE,Weija,2025-07-27T17:02:30.165155
852,"NEW GBAWE , AFTER CHURCH",Weija,2025-07-27T17:02:30.165162
853,"NEW GBAWE , TIME SPOT",Weija,2025-07-27T17:02:30.165174
854,NEW GBAWE WEMBLEY,Weija,2025-07-27T17:02:30.165178
855,"NEW GBAWE, CLINIC",Weija,2025-07-27T17:02:30.165170
856,NEW GBAWE-AGGREY MO,Weija,2025-07-27T17:02:30.165166
857,"NEW GBAWOE, MALLAM",Weija,2025-07-27T17:02:30.165181
858,"NEW RUSSIA 
DANSOMAN",Weija,2025-07-27T17:02:30.165196
859,NEW WEIJA,Weija,2025-07-27T17:02:30.165198
860,"NEW WEIJA
ROMAN SCHOOL",Weija,2025-07-27T17:02:30.165211
861,"NEW WEIJA
UPWARD KINGDOM CHURCH",Weija,2025-07-27T17:02:30.165213
862,"NEW WEIJA , CHOICE",Weija,2025-07-27T17:02:30.165200
863,NEW WEIJA CHOICE,Weija,2025-07-27T17:02:30.165202
864,"NEW WEIJA, CHOICE",Weija,2025-07-27T17:02:30.165203
865,"NEW WEIJA,OLD BARRIER",Weija,2025-07-27T17:02:30.165209
866,NEW WEIJA-CHOICE,Weija,2025-07-27T17:02:30.165208
867,NEW-BORTINOR,Weija,2025-07-27T17:02:30.165147
868,NEWBORTIANOR,Weija,2025-07-27T17:02:30.165105
869,NIC,Weija,2025-07-27T17:02:30.165215
870,NIC -ABLEKUMA,Weija,2025-07-27T17:02:30.165216
871,NIC-AWOSHIE,Weija,2025-07-27T17:02:30.165218
872,NII BOI TOWN,Weija,2025-07-27T17:02:30.165220
873,NKWANTANANG,Weija,2025-07-27T17:02:30.165221
874,"NO 8, 1ST STREETMCCARTHY HILL",Weija,2025-07-27T17:02:30.165225
875,NORTH KANAESHIE LAST STOP,Weija,2025-07-27T17:02:30.165227
876,NORTH KANESHIE,Weija,2025-07-27T17:02:30.165229
877,"NORTH KANESHIE
DEMOND",Weija,2025-07-27T17:02:30.165230
878,NORTH KANESHIE-SWANLINK,Weija,2025-07-27T17:02:30.165232
879,NSAKINA,Weija,2025-07-27T17:02:30.165234
880,NSAWAM,Weija,2025-07-27T17:02:30.165235
881,"NSAWAM , AROUND CHINA MALL",Weija,2025-07-27T17:02:30.165237
882,NUNGUA,Weija,2025-07-27T17:02:30.165240
883,"NWE GBAWE
CP",Weija,2025-07-27T17:02:30.165242
884,NYAMEKYE NEAR MAB HOSPITAL,Weija,2025-07-27T17:02:30.165244
885,"NYAMESTE 
LAPAZ",Weija,2025-07-27T17:02:30.165245
886,NYANYANO,Weija,2025-07-27T17:02:30.165247
887,NYENYANYO,Weija,2025-07-27T17:02:30.165249
888,OBLOGO,Weija,2025-07-27T17:02:30.165254
889,"OBLOGO
MANCHESTER",Weija,2025-07-27T17:02:30.165269
890,"OBLOGO
STONE QUGUIRE",Weija,2025-07-27T17:02:30.165277
891,"OBLOGO
WAREHOUSE",Weija,2025-07-27T17:02:30.165284
892,"OBLOGO 
TOP BASE",Weija,2025-07-27T17:02:30.165279
893,OBLOGO  -MANCHESTA,Weija,2025-07-27T17:02:30.165267
894,"OBLOGO , AROUND PALACE",Weija,2025-07-27T17:02:30.165256
895,"OBLOGO , BEHIND THE GOVT SCHOOL",Weija,2025-07-27T17:02:30.165258
896,"OBLOGO , MANCHESTER",Weija,2025-07-27T17:02:30.165270
897,"OBLOGO , OMEGA",Weija,2025-07-27T17:02:30.165272
898,"OBLOGO , TOP BASE",Weija,2025-07-27T17:02:30.165280
899,"OBLOGO , WAREHOUSE",Weija,2025-07-27T17:02:30.165285
900,OBLOGO -CHAKA,Weija,2025-07-27T17:02:30.165259
901,OBLOGO CHAKA,Weija,2025-07-27T17:02:30.165261
902,OBLOGO TOPBASE,Weija,2025-07-27T17:02:30.165282
903,"OBLOGO, WAREHOUSE",Weija,2025-07-27T17:02:30.165287
904,"OBLOGO-ITS RD
24329/21",Weija,2025-07-27T17:02:30.165263
905,OBLOGO-SCHOOL,Weija,2025-07-27T17:02:30.165275
906,OBOLOGO,Weija,2025-07-27T17:02:30.165289
907,OBOM ROAD,Weija,2025-07-27T17:02:30.165291
908,OBULEME,Weija,2025-07-27T17:02:30.165292
909,ODOKOR,Weija,2025-07-27T17:02:30.165295
910,ODOKOR MAKRT,Weija,2025-07-27T17:02:30.165297
911,ODORKO,Weija,2025-07-27T17:02:30.165299
912,"ODORKO , OFFICIAL TOWN",Weija,2025-07-27T17:02:30.165301
913,ODORKOR,Weija,2025-07-27T17:02:30.165307
914,ODORKOR,Weija,2025-07-27T17:02:30.165309
915,"ODORKOR
OFFTOWN",Weija,2025-07-27T17:02:30.165349
916,"ODORKOR
STATION",Weija,2025-07-27T17:02:30.165355
917,"ODORKOR  - 
BUSIA",Weija,2025-07-27T17:02:30.165314
918,ODORKOR  BUSIA,Weija,2025-07-27T17:02:30.165315
919,ODORKOR  OFFICIAL TOWN,Weija,2025-07-27T17:02:30.165346
920,"ODORKOR , GLORY LAND",Weija,2025-07-27T17:02:30.165333
921,"ODORKOR , OTATEI",Weija,2025-07-27T17:02:30.165352
922,"ODORKOR ,TIPA",Weija,2025-07-27T17:02:30.165364
923,ODORKOR -BUSSIA,Weija,2025-07-27T17:02:30.165324
924,ODORKOR -TIPA,Weija,2025-07-27T17:02:30.165365
925,ODORKOR BUSIA,Weija,2025-07-27T17:02:30.165317
926,ODORKOR BUSIA JUNCTION,Weija,2025-07-27T17:02:30.165323
927,ODORKOR CHABAA,Weija,2025-07-27T17:02:30.165326
928,ODORKOR DRIVING SCHOOL,Weija,2025-07-27T17:02:30.165328
929,ODORKOR DRIVNG SCH,Weija,2025-07-27T17:02:30.165332
930,ODORKOR GLORY LAND,Weija,2025-07-27T17:02:30.165335
931,ODORKOR MAIN STATION,Weija,2025-07-27T17:02:30.165338
932,ODORKOR MARKET,Weija,2025-07-27T17:02:30.165340
933,ODORKOR NEAR THE POST OFFICE,Weija,2025-07-27T17:02:30.165344
934,ODORKOR OFF TOWN,Weija,2025-07-27T17:02:30.165351
935,ODORKOR OFFICIAL TOWN,Weija,2025-07-27T17:02:30.165347
936,ODORKOR POLICE STATION,Weija,2025-07-27T17:02:30.165354
937,ODORKOR STATION,Weija,2025-07-27T17:02:30.165357
938,ODORKOR TERRAZO,Weija,2025-07-27T17:02:30.165362
939,ODORKOR TIPA,Weija,2025-07-27T17:02:30.165367
940,ODORKOR TIPPER,Weija,2025-07-27T17:02:30.165370
941,ODORKOR TIPPER,Weija,2025-07-27T17:02:30.165372
942,ODORKOR TROTRO STATION,Weija,2025-07-27T17:02:30.165374
943,ODORKOR TWIMAAMI,Weija,2025-07-27T17:02:30.165379
944,"ODORKOR, WATER WORKS",Weija,2025-07-27T17:02:30.165383
945,ODORKOR-4 N 5,Weija,2025-07-27T17:02:30.165311
946,ODORKOR-ALI PARK,Weija,2025-07-27T17:02:30.165312
947,ODORKOR-BUSIA,Weija,2025-07-27T17:02:30.165319
948,ODORKOR-TECHNO,Weija,2025-07-27T17:02:30.165359
949,ODORKOR-TECNO,Weija,2025-07-27T17:02:30.165360
950,ODORKOR-TWEMAME,Weija,2025-07-27T17:02:30.165375
951,ODORKOR-TWENEBOAH,Weija,2025-07-27T17:02:30.165377
952,ODORKOR. GLORYLAND,Weija,2025-07-27T17:02:30.165337
953,ODUMAN,Weija,2025-07-27T17:02:30.165384
954,"ODUMAN NEAR CHURCH OFCHRIST
ABLEKUMA",Weija,2025-07-27T17:02:30.165386
955,ODUMANSE,Weija,2025-07-27T17:02:30.165388
956,"OFANKOR
AMASAMAN",Weija,2025-07-27T17:02:30.165391
957,"OFANKOR
ASOFAA",Weija,2025-07-27T17:02:30.165393
958,OFANKOR PAPASI,Weija,2025-07-27T17:02:30.165396
959,OFANKOR-KASOA,Weija,2025-07-27T17:02:30.165394
960,OFORIKROM,Weija,2025-07-27T17:02:30.165398
961,OLB BARRIER,Weija,2025-07-27T17:02:30.165399
962,OLD BARRER,Weija,2025-07-27T17:02:30.165401
963,OLD BARRIER,Weija,2025-07-27T17:02:30.165404
964,OLD BARRIER,Weija,2025-07-27T17:02:30.165406
965,"OLD BARRIER
ASH BREAD",Weija,2025-07-27T17:02:30.165407
966,"OLD BARRIER
SCC",Weija,2025-07-27T17:02:30.165419
967,"OLD BARRIER , ASH BREAD",Weija,2025-07-27T17:02:30.165409
968,"OLD BARRIER , MODEX",Weija,2025-07-27T17:02:30.165414
969,"OLD BARRIER , STATION",Weija,2025-07-27T17:02:30.165422
970,OLD BARRIER DAMTOWN,Weija,2025-07-27T17:02:30.165412
971,OLD BARRIER NEAR MODEST,Weija,2025-07-27T17:02:30.165416
972,OLD BARRIER SAMPA VALLEY,Weija,2025-07-27T17:02:30.165417
973,OLD BARRIER STAR OIL,Weija,2025-07-27T17:02:30.165421
974,OLD BARRIER WEIJA,Weija,2025-07-27T17:02:30.165424
975,"OLD BARRIER, ASH BREAD",Weija,2025-07-27T17:02:30.165411
976,OLD BORTIANOR,Weija,2025-07-27T17:02:30.165430
977,"OLD BORTIANOR
METHODIST",Weija,2025-07-27T17:02:30.165431
978,OLD BORTIANOR OMEGA,Weija,2025-07-27T17:02:30.165435
979,OLEBU,Weija,2025-07-27T17:02:30.165438
980,"OLEBU
VICOLIS",Weija,2025-07-27T17:02:30.165447
981,OLEBU  -ABLEKUMA,Weija,2025-07-27T17:02:30.165442
982,OLEBU  ABLEKUMA,Weija,2025-07-27T17:02:30.165444
983,OLEBU ABLEKUMAH,Weija,2025-07-27T17:02:30.165446
984,OMANJOR,Weija,2025-07-27T17:02:30.165449
985,OMANJOR ABLEKUMA,Weija,2025-07-27T17:02:30.165451
986,"ONYINASE
LANE14",Weija,2025-07-27T17:02:30.165452
987,OPEIKUMAH,Weija,2025-07-27T17:02:30.165454
988,ORDORKOR -WATER  WORKS,Weija,2025-07-27T17:02:30.165456
989,OSHIEE,Weija,2025-07-27T17:02:30.165457
990,OSU-XYZ TV,Weija,2025-07-27T17:02:30.165459
991,OTAMESS,Weija,2025-07-27T17:02:30.165461
992,OTEBU,Weija,2025-07-27T17:02:30.165462
993,Odorkor,Weija,2025-07-27T17:02:30.165306
994,Ofankor,Weija,2025-07-27T17:02:30.165389
995,PALAS TOWN,Weija,2025-07-27T17:02:30.165467
996,PALAS TOWN,Weija,2025-07-27T17:02:30.165469
997,PAMBROS,Weija,2025-07-27T17:02:30.165471
998,PAMBROSE,Weija,2025-07-27T17:02:30.165472
999,"POKUASE , DENYO",Weija,2025-07-27T17:02:30.165477
1000,POKUASE ADUMAN,Weija,2025-07-27T17:02:30.165476
1001,POKUASI,Weija,2025-07-27T17:02:30.165480
1002,PRAMSO,Weija,2025-07-27T17:02:30.165482
1003,RACE CAUSE,Weija,2025-07-27T17:02:30.165484
1004,RED TOP,Weija,2025-07-27T17:02:30.165485
1005,"RED TOP
WEIJA",Weija,2025-07-27T17:02:30.165489
1006,"RED TOP 
SCC",Weija,2025-07-27T17:02:30.165487
1007,RESURRECTION CHURCH,Weija,2025-07-27T17:02:30.165491
1008,S.C.C,Weija,2025-07-27T17:02:30.165558
1009,SAKAMA,Weija,2025-07-27T17:02:30.165492
1010,SAKAMAN,Weija,2025-07-27T17:02:30.165496
1011,"SAKAMAN
MALLAM MARKET",Weija,2025-07-27T17:02:30.165499
1012,"SAKAMAN , AROUND OSEI KWAME - TIPPER",Weija,2025-07-27T17:02:30.165498
1013,SAMPA VALLEY,Weija,2025-07-27T17:02:30.165501
1014,"SAMPA VALLEY
NEW GENERATION SCHOOL",Weija,2025-07-27T17:02:30.165504
1015,SAMPA VALLEY WEIJA,Weija,2025-07-27T17:02:30.165506
1016,SAMPA VALLEY-MCCARTHY,Weija,2025-07-27T17:02:30.165503
1017,SANT MARIA,Weija,2025-07-27T17:02:30.165550
1018,SANTA  MARIA,Weija,2025-07-27T17:02:30.165508
1019,SANTA MARIA,Weija,2025-07-27T17:02:30.165509
1020,SANTA MARIA,Weija,2025-07-27T17:02:30.165511
1021,"SANTA MARIA
BLUE KIOSK",Weija,2025-07-27T17:02:30.165528
1022,"SANTA MARIA
DRUG STORE",Weija,2025-07-27T17:02:30.165533
1023,"SANTA MARIA
LAST STOP",Weija,2025-07-27T17:02:30.165538
1024,SANTA MARIA  TAXI RANK,Weija,2025-07-27T17:02:30.165541
1025,"SANTA MARIA , A-LANG",Weija,2025-07-27T17:02:30.165517
1026,"SANTA MARIA , AROUND ABU YAA",Weija,2025-07-27T17:02:30.165521
1027,SANTA MARIA A LANG,Weija,2025-07-27T17:02:30.165519
1028,SANTA MARIA ABUOYA,Weija,2025-07-27T17:02:30.165514
1029,SANTA MARIA ABUYA,Weija,2025-07-27T17:02:30.165516
1030,SANTA MARIA DRUG STORE,Weija,2025-07-27T17:02:30.165536
1031,"SANTA MARIA, AUNTY EKU",Weija,2025-07-27T17:02:30.165526
1032,SANTA MARIA-AU AKU,Weija,2025-07-27T17:02:30.165522
1033,SANTA MARIA-BLUE KIOSK,Weija,2025-07-27T17:02:30.165529
1034,SANTA MARIA-NII DODOO,Weija,2025-07-27T17:02:30.165540
1035,SANTA MARIA-WASHING BASE,Weija,2025-07-27T17:02:30.165543
1036,SANTA MARIA-WASHING BAY,Weija,2025-07-27T17:02:30.165545
1037,SANTA MARIE,Weija,2025-07-27T17:02:30.165546
1038,SANTA MRIA-JAYLOVE,Weija,2025-07-27T17:02:30.165548
1039,SANTAMARIA,Weija,2025-07-27T17:02:30.165512
1040,SANY COAST,Weija,2025-07-27T17:02:30.165551
1041,SCC,Weija,2025-07-27T17:02:30.165560
1042,SCC,Weija,2025-07-27T17:02:30.165562
1043,"SCC
APOSTLIC CHURCH",Weija,2025-07-27T17:02:30.165567
1044,"SCC
AZUMA",Weija,2025-07-27T17:02:30.165570
1045,"SCC
DVLA",Weija,2025-07-27T17:02:30.165577
1046,"SCC
GOSPEL LIGHT",Weija,2025-07-27T17:02:30.165580
1047,SCC  DVLA,Weija,2025-07-27T17:02:30.165578
1048,"SCC , O6",Weija,2025-07-27T17:02:30.165590
1049,SCC -PENTECOST  JUNCTION,Weija,2025-07-27T17:02:30.165593
1050,SCC ADB BANK,Weija,2025-07-27T17:02:30.165565
1051,SCC AZUMAH,Weija,2025-07-27T17:02:30.165572
1052,SCC BLOCK FACTORY,Weija,2025-07-27T17:02:30.165573
1053,SCC MANDELA,Weija,2025-07-27T17:02:30.165585
1054,SCC NEAR MELCOM,Weija,2025-07-27T17:02:30.165588
1055,SCC PENTECOST CAMP,Weija,2025-07-27T17:02:30.165592
1056,SCC POLICE STATION,Weija,2025-07-27T17:02:30.165595
1057,SCC STAR FILLING OPP,Weija,2025-07-27T17:02:30.165600
1058,SCC UCOMS,Weija,2025-07-27T17:02:30.165603
1059,"SCC, BROADCASTING",Weija,2025-07-27T17:02:30.165575
1060,"SCC,MANDELA NO 7",Weija,2025-07-27T17:02:30.165587
1061,SCC-,Weija,2025-07-27T17:02:30.165564
1062,SCC- INSIDE,Weija,2025-07-27T17:02:30.165582
1063,SCC-ATTAH MOSES,Weija,2025-07-27T17:02:30.165568
1064,SCC-INSIDE,Weija,2025-07-27T17:02:30.165583
1065,SCC-RED TOP,Weija,2025-07-27T17:02:30.165598
1066,SCC-TOP RED,Weija,2025-07-27T17:02:30.165601
1067,SCC-UCOMS,Weija,2025-07-27T17:02:30.165605
1068,SCC-WEIJA,Weija,2025-07-27T17:02:30.165607
1069,SECONDI,Weija,2025-07-27T17:02:30.165610
1070,SEDAS HSE,Weija,2025-07-27T17:02:30.165612
1071,SHOP PRITE,Weija,2025-07-27T17:02:30.165614
1072,SOUTH -ODORKOR,Weija,2025-07-27T17:02:30.165623
1073,SOUTH MCCARTHY,Weija,2025-07-27T17:02:30.165617
1074,SOUTH MCCATHY,Weija,2025-07-27T17:02:30.165621
1075,SOUTH ODORKOR,Weija,2025-07-27T17:02:30.165627
1076,SOWTUOWM,Weija,2025-07-27T17:02:30.165631
1077,SOWUTEIM,Weija,2025-07-27T17:02:30.165632
1078,SOWUTOUM,Weija,2025-07-27T17:02:30.165634
1079,SOWUTOUM-CHOP BAR,Weija,2025-07-27T17:02:30.165635
1080,SOWUTOUM-LAST STOP,Weija,2025-07-27T17:02:30.165637
1081,SOWUTUM,Weija,2025-07-27T17:02:30.165639
1082,SOWUTUOIMU,Weija,2025-07-27T17:02:30.165642
1083,SOWUTUOM,Weija,2025-07-27T17:02:30.165648
1084,SOWUTUOM,Weija,2025-07-27T17:02:30.165649
1085,"SOWUTUOM
CHOP BAR",Weija,2025-07-27T17:02:30.165653
1086,"SOWUTUOM
GIGAH JNC",Weija,2025-07-27T17:02:30.165656
1087,"SOWUTUOM
VRA",Weija,2025-07-27T17:02:30.165669
1088,"SOWUTUOM 
CHOP BAR",Weija,2025-07-27T17:02:30.165654
1089,SOWUTUOM  ROMAN HILL,Weija,2025-07-27T17:02:30.165666
1090,"SOWUTUOM , OMANJOR",Weija,2025-07-27T17:02:30.165663
1091,SOWUTUOM -POLO JUNCTION,Weija,2025-07-27T17:02:30.165664
1092,SOWUTUOM HEAVEN CHURCH,Weija,2025-07-27T17:02:30.165658
1093,SOWUTUOM OLD POLICE STATION,Weija,2025-07-27T17:02:30.165661
1094,SOWUTUOM STATION,Weija,2025-07-27T17:02:30.165668
1095,"SOWUTUOM, LAST STOP",Weija,2025-07-27T17:02:30.165659
1096,SPINTEX,Weija,2025-07-27T17:02:30.165671
1097,ST ANTHONY ODOKOR,Weija,2025-07-27T17:02:30.165678
1098,SUKURA,Weija,2025-07-27T17:02:30.165680
1099,"SUKURA ,TAXI RANK",Weija,2025-07-27T17:02:30.165682
1100,SUTESCO AMOAH AWUAH HSE.,Weija,2025-07-27T17:02:30.165683
1101,SWOTUOM POLO JUN,Weija,2025-07-27T17:02:30.165685
1102,Scc,Weija,2025-07-27T17:02:30.165557
1103,"TABORA 
ISRAEL",Weija,2025-07-27T17:02:30.165693
1104,TABORA ALHAJI,Weija,2025-07-27T17:02:30.165690
1105,TABORA CHANTAN,Weija,2025-07-27T17:02:30.165692
1106,TANTRA HILL,Weija,2025-07-27T17:02:30.165695
1107,TATAGU,Weija,2025-07-27T17:02:30.165697
1108,TATOP,Weija,2025-07-27T17:02:30.165698
1109,"TATOP
ICGC CHURCH",Weija,2025-07-27T17:02:30.165700
1110,"TATOP, WEIJA",Weija,2025-07-27T17:02:30.165702
1111,TEMA,Weija,2025-07-27T17:02:30.165703
1112,"TEMA , COMM 18",Weija,2025-07-27T17:02:30.165707
1113,TEMA COM 7,Weija,2025-07-27T17:02:30.165705
1114,TEMA COMM 7 MOSQUE,Weija,2025-07-27T17:02:30.165710
1115,TEMA COMM.5,Weija,2025-07-27T17:02:30.165708
1116,TENTRA HILL,Weija,2025-07-27T17:02:30.165712
1117,TESHIE LASCARA,Weija,2025-07-27T17:02:30.165713
1118,TETEGU,Weija,2025-07-27T17:02:30.165719
1119,"TETEGU
GAS FILING STATION",Weija,2025-07-27T17:02:30.165724
1120,"TETEGU
RASTA",Weija,2025-07-27T17:02:30.165750
1121,TETEGU  GAS,Weija,2025-07-27T17:02:30.165722
1122,TETEGU  MIAMI,Weija,2025-07-27T17:02:30.165741
1123,"TETEGU , HOLY CROSS",Weija,2025-07-27T17:02:30.165726
1124,"TETEGU , OPP AGGREY MEMORIAL",Weija,2025-07-27T17:02:30.165748
1125,TETEGU INSIDE,Weija,2025-07-27T17:02:30.165735
1126,TETEGU MAYAMI CITY,Weija,2025-07-27T17:02:30.165740
1127,TETEGU SWEETLOVE,Weija,2025-07-27T17:02:30.165753
1128,TETEGU-2ND TRANSFORMAER,Weija,2025-07-27T17:02:30.165721
1129,TETEGU-HOLY CROSS,Weija,2025-07-27T17:02:30.165727
1130,"TETEGU-HOLY CROSS
20197/17
MR-9A-F2-32",Weija,2025-07-27T17:02:30.165729
1131,TETEGU-HOLY CROSS SCH,Weija,2025-07-27T17:02:30.165731
1132,TETEGU-JUNCTN NEW SITE,Weija,2025-07-27T17:02:30.165736
1133,TETEGU-NEAR HOLY CROSS SCH,Weija,2025-07-27T17:02:30.165743
1134,TETEGU-NEW SITE,Weija,2025-07-27T17:02:30.165745
1135,TETEGU-OBOLO SITE,Weija,2025-07-27T17:02:30.165746
1136,TETEGU-RASTA LAST  STOP,Weija,2025-07-27T17:02:30.165751
1137,TIPPER,Weija,2025-07-27T17:02:30.165757
1138,TOP BASE,Weija,2025-07-27T17:02:30.165758
1139,TOP BASE,Weija,2025-07-27T17:02:30.165760
1140,"TOP BASE , GBAWE",Weija,2025-07-27T17:02:30.165763
1141,TOP BASE-GBAWE,Weija,2025-07-27T17:02:30.165765
1142,TOP TOWN,Weija,2025-07-27T17:02:30.165768
1143,TOPBASE,Weija,2025-07-27T17:02:30.165762
1144,"TOPBASE
GBAWE",Weija,2025-07-27T17:02:30.165767
1145,"TRANFORMER , KASOA",Weija,2025-07-27T17:02:30.165770
1146,TSOKOME,Weija,2025-07-27T17:02:30.165772
1147,TUBA,Weija,2025-07-27T17:02:30.165777
1148,TUBA,Weija,2025-07-27T17:02:30.165779
1149,TUBA,Weija,2025-07-27T17:02:30.165780
1150,TUBA,Weija,2025-07-27T17:02:30.165782
1151,"TUBA
ISLAMIC SCHOOL",Weija,2025-07-27T17:02:30.165789
1152,"TUBA
JNC",Weija,2025-07-27T17:02:30.165793
1153,"TUBA
MOUNTAIN VIEW",Weija,2025-07-27T17:02:30.165803
1154,"TUBA
SCHOOL JNC",Weija,2025-07-27T17:02:30.165804
1155,"TUBA 
JNC",Weija,2025-07-27T17:02:30.165794
1156,"TUBA 
KASOA",Weija,2025-07-27T17:02:30.165799
1157,"TUBA , ADDO MOSQUE",Weija,2025-07-27T17:02:30.165784
1158,"TUBA , IIRGATION FARMS",Weija,2025-07-27T17:02:30.165787
1159,TUBA ADOM MOSQUE,Weija,2025-07-27T17:02:30.165785
1160,TUBA JUNCTION,Weija,2025-07-27T17:02:30.165796
1161,TUBA SCHOOL JUNCION,Weija,2025-07-27T17:02:30.165806
1162,TUBA-JUNCTION,Weija,2025-07-27T17:02:30.165798
1163,TUBA-TOLL BOTH,Weija,2025-07-27T17:02:30.165811
1164,TUBA. SCHOOL JUNCTION,Weija,2025-07-27T17:02:30.165808
1165,TWENEBOAH,Weija,2025-07-27T17:02:30.165813
1166,Tetegu last stop,Weija,2025-07-27T17:02:30.165738
1167,Tuba kokrobite,Weija,2025-07-27T17:02:30.165801
1168,UNPRE WEIJA,Weija,2025-07-27T17:02:30.165815
1169,UPPER   WEIJA,Weija,2025-07-27T17:02:30.165820
1170,UPPER WEIJA,Weija,2025-07-27T17:02:30.165821
1171,UPPER WEIJA,Weija,2025-07-27T17:02:30.165823
1172,"UPPER WEIJA 
TRAINING SCHOOL",Weija,2025-07-27T17:02:30.165830
1173,"UPPER WEIJA , STSTION",Weija,2025-07-27T17:02:30.165828
1174,UPPER-WEIJA,Weija,2025-07-27T17:02:30.165825
1175,Upper Weija,Weija,2025-07-27T17:02:30.165818
1176,VRA,Weija,2025-07-27T17:02:30.165832
1177,WEIA JUNCTION,Weija,2025-07-27T17:02:30.165833
1178,WEIJA,Weija,2025-07-27T17:02:30.165842
1179,WEIJA,Weija,2025-07-27T17:02:30.165843
1180,"WEIJA
ASMAK INTER. SCHOOL",Weija,2025-07-27T17:02:30.165860
1181,"WEIJA
BARRIER",Weija,2025-07-27T17:02:30.165865
1182,"WEIJA
DJAMAN",Weija,2025-07-27T17:02:30.165895
1183,"WEIJA
FORESQUARE",Weija,2025-07-27T17:02:30.165902
1184,"WEIJA
MANDELA",Weija,2025-07-27T17:02:30.165923
1185,"WEIJA
NEW TOWN",Weija,2025-07-27T17:02:30.165938
1186,"WEIJA
OBLOGO",Weija,2025-07-27T17:02:30.165947
1187,"WEIJA
WATER WORKS",Weija,2025-07-27T17:02:30.166026
1188,"WEIJA
WINNERS",Weija,2025-07-27T17:02:30.166063
1189,"WEIJA 
SCHOOL JUNCTION",Weija,2025-07-27T17:02:30.165997
1190,"WEIJA 
SCHOOL JUNCTION",Weija,2025-07-27T17:02:30.165999
1191,WEIJA  -ZONGO  AWAY,Weija,2025-07-27T17:02:30.166083
1192,WEIJA  ZONGO,Weija,2025-07-27T17:02:30.166071
1193,"WEIJA , AREOUND BOJO BEACH",Weija,2025-07-27T17:02:30.165856
1194,"WEIJA , BLOCK FACTORY",Weija,2025-07-27T17:02:30.165872
1195,"WEIJA , BROADCASTING",Weija,2025-07-27T17:02:30.165876
1196,"WEIJA , CHOICE",Weija,2025-07-27T17:02:30.165885
1197,"WEIJA , JUNCTION",Weija,2025-07-27T17:02:30.165914
1198,"WEIJA , PAMBROS",Weija,2025-07-27T17:02:30.165967
1199,"WEIJA , POLICE STATION",Weija,2025-07-27T17:02:30.165970
1200,"WEIJA , POLICE STATION",Weija,2025-07-27T17:02:30.165972
1201,"WEIJA , SAMPA VALLEY",Weija,2025-07-27T17:02:30.165982
1202,"WEIJA , WHITE CROSS",Weija,2025-07-27T17:02:30.166037
1203,"WEIJA , ZONGO",Weija,2025-07-27T17:02:30.166075
1204,"WEIJA ,OLD BARRIER",Weija,2025-07-27T17:02:30.165960
1205,WEIJA - BROADCASTING,Weija,2025-07-27T17:02:30.165878
1206,WEIJA ADA KOPE,Weija,2025-07-27T17:02:30.165850
1207,WEIJA ADAAMAMI,Weija,2025-07-27T17:02:30.165847
1208,WEIJA ADAKOPE,Weija,2025-07-27T17:02:30.165852
1209,WEIJA AYIGBE TOWN,Weija,2025-07-27T17:02:30.165862
1210,WEIJA BARREA,Weija,2025-07-27T17:02:30.165863
1211,"WEIJA BEHIND
SECONDARY SCH",Weija,2025-07-27T17:02:30.165866
1212,WEIJA BENJYS,Weija,2025-07-27T17:02:30.165868
1213,WEIJA BLOCK FACTOR,Weija,2025-07-27T17:02:30.165870
1214,WEIJA BLOCK FACTORY,Weija,2025-07-27T17:02:30.165873
1215,WEIJA BLOCK FACTORY,Weija,2025-07-27T17:02:30.165875
1216,WEIJA CATERPILLAR ROAD,Weija,2025-07-27T17:02:30.165883
1217,WEIJA CHOICE,Weija,2025-07-27T17:02:30.165886
1218,WEIJA DJAMA,Weija,2025-07-27T17:02:30.165891
1219,WEIJA DJAMAN,Weija,2025-07-27T17:02:30.165896
1220,WEIJA ITS,Weija,2025-07-27T17:02:30.165905
1221,WEIJA JAMA JUNCTION,Weija,2025-07-27T17:02:30.165907
1222,WEIJA JOMA,Weija,2025-07-27T17:02:30.165911
1223,WEIJA JOMA QUARTERS,Weija,2025-07-27T17:02:30.165913
1224,WEIJA JUNCTION,Weija,2025-07-27T17:02:30.165916
1225,WEIJA JUNCTION MANCHESTER,Weija,2025-07-27T17:02:30.165918
1226,WEIJA KOKOBEN,Weija,2025-07-27T17:02:30.165919
1227,WEIJA MARKET,Weija,2025-07-27T17:02:30.165924
1228,WEIJA MODEST,Weija,2025-07-27T17:02:30.165928
1229,WEIJA NEAR OLD WATER WORKS CATEEN,Weija,2025-07-27T17:02:30.165929
1230,WEIJA NEW BOTIIANOR,Weija,2025-07-27T17:02:30.165936
1231,WEIJA NEW TOWN,Weija,2025-07-27T17:02:30.165939
1232,WEIJA NEW TOWN,Weija,2025-07-27T17:02:30.165941
1233,WEIJA OBLOGO,Weija,2025-07-27T17:02:30.165949
1234,WEIJA OBLOGO,Weija,2025-07-27T17:02:30.165951
1235,WEIJA OBLOGO MANCHESTER,Weija,2025-07-27T17:02:30.165953
1236,WEIJA OBOLGO,Weija,2025-07-27T17:02:30.165954
1237,WEIJA OLD BARRIER,Weija,2025-07-27T17:02:30.165961
1238,WEIJA OLD BARRIER NEAR KINGS UNIVERSITY,Weija,2025-07-27T17:02:30.165963
1239,WEIJA PENTECOST,Weija,2025-07-27T17:02:30.165968
1240,WEIJA POLICE STATION,Weija,2025-07-27T17:02:30.165973
1241,WEIJA POLICE STATION,Weija,2025-07-27T17:02:30.165975
1242,WEIJA REDTOP,Weija,2025-07-27T17:02:30.165978
1243,WEIJA ROMAN SCHOOL,Weija,2025-07-27T17:02:30.165980
1244,WEIJA SCC,Weija,2025-07-27T17:02:30.165985
1245,WEIJA SCC,Weija,2025-07-27T17:02:30.165987
1246,WEIJA SCC  AZUMAH,Weija,2025-07-27T17:02:30.165988
1247,WEIJA SCHOOL,Weija,2025-07-27T17:02:30.165994
1248,WEIJA SCHOOL JUNCTION,Weija,2025-07-27T17:02:30.166001
1249,WEIJA TAI TOP,Weija,2025-07-27T17:02:30.166006
1250,WEIJA TATOP,Weija,2025-07-27T17:02:30.166007
1251,WEIJA TETEGU,Weija,2025-07-27T17:02:30.166014
1252,"WEIJA TIE TOP,NEAR U TUBE COMPANY",Weija,2025-07-27T17:02:30.166018
1253,WEIJA WATERWORKS,Weija,2025-07-27T17:02:30.166030
1254,WEIJA WESTHILLS,Weija,2025-07-27T17:02:30.166034
1255,WEIJA WHITE CROSS,Weija,2025-07-27T17:02:30.166041
1256,WEIJA WHITECROSS,Weija,2025-07-27T17:02:30.166048
1257,WEIJA ZONGO,Weija,2025-07-27T17:02:30.166079
1258,"WEIJA, BUS STOP",Weija,2025-07-27T17:02:30.165881
1259,"WEIJA, DJAMAN",Weija,2025-07-27T17:02:30.165900
1260,"WEIJA, WHITE CROSS",Weija,2025-07-27T17:02:30.166052
1261,"WEIJA,ICE BREAD",Weija,2025-07-27T17:02:30.165904
1262,"WEIJA,KOKROBITEY",Weija,2025-07-27T17:02:30.165921
1263,WEIJA-  NEAR  ROMAN  SCHOOL ST; JUDE,Weija,2025-07-27T17:02:30.165931
1264,WEIJA- NEW TOWN,Weija,2025-07-27T17:02:30.165942
1265,WEIJA- STATION,Weija,2025-07-27T17:02:30.166002
1266,WEIJA- WHITE CROSS,Weija,2025-07-27T17:02:30.166056
1267,WEIJA-ADAKOPE,Weija,2025-07-27T17:02:30.165854
1268,WEIJA-BROADCASTING,Weija,2025-07-27T17:02:30.165880
1269,WEIJA-CHOICE,Weija,2025-07-27T17:02:30.165888
1270,WEIJA-CHOIE,Weija,2025-07-27T17:02:30.165890
1271,WEIJA-DJAMA JUNCTION,Weija,2025-07-27T17:02:30.165893
1272,WEIJA-MARKET,Weija,2025-07-27T17:02:30.165926
1273,WEIJA-NEAR  THE  STATION,Weija,2025-07-27T17:02:30.165934
1274,WEIJA-NEW TOWN,Weija,2025-07-27T17:02:30.165944
1275,WEIJA-POLICE STATION,Weija,2025-07-27T17:02:30.165977
1276,WEIJA-SCHOOL,Weija,2025-07-27T17:02:30.165996
1277,WEIJA-STATION,Weija,2025-07-27T17:02:30.166004
1278,WEIJA-WAREHSE,Weija,2025-07-27T17:02:30.166022
1279,WEIJA-WINNERS,Weija,2025-07-27T17:02:30.166067
1280,WEIJA-ZONGO NDC,Weija,2025-07-27T17:02:30.166087
1281,WEIJA. WHITE CROSS,Weija,2025-07-27T17:02:30.166059
1282,WEIJAA,Weija,2025-07-27T17:02:30.165845
1283,WEJIA,Weija,2025-07-27T17:02:30.166091
1284,WES CROSS,Weija,2025-07-27T17:02:30.166095
1285,"WES CROSS
LAPAZ",Weija,2025-07-27T17:02:30.166099
1286,"WES CROSS
LAPPAZ",Weija,2025-07-27T17:02:30.166103
1287,"WES CROSS 
SOWUTUOM",Weija,2025-07-27T17:02:30.166106
1288,WEST HILLS MALL,Weija,2025-07-27T17:02:30.166116
1289,"WESTHILL,REDTOP",Weija,2025-07-27T17:02:30.166110
1290,WHITE CROSS,Weija,2025-07-27T17:02:30.166124
1291,"WHITE CROSS
SCC",Weija,2025-07-27T17:02:30.166128
1292,"WHITE CROSS
WEIJA",Weija,2025-07-27T17:02:30.166132
1293,"WHITE CROSS 
WEIJA",Weija,2025-07-27T17:02:30.166136
1294,WHITE CROSS- WEIJA,Weija,2025-07-27T17:02:30.166140
1295,WIJA ITS,Weija,2025-07-27T17:02:30.166144
1296,Weija,Weija,2025-07-27T17:02:30.165840
1297,"Weija 
Oblogo",Weija,2025-07-27T17:02:30.165946
1298,ablekuma,Weija,2025-07-27T17:02:30.162998
1299,ablekuma,Weija,2025-07-27T17:02:30.163000
1300,ablekuma funmilk near the mosque,Weija,2025-07-27T17:02:30.163071
1301,ablekuma nic,Weija,2025-07-27T17:02:30.163120
1302,ablekuma pentecost junction,Weija,2025-07-27T17:02:30.163155
1303,ablekuman,Weija,2025-07-27T17:02:30.163103
1304,"ablekuman
fan milk",Weija,2025-07-27T17:02:30.163115
1305,ablekuman agape,Weija,2025-07-27T17:02:30.163111
1306,ablekuman nic,Weija,2025-07-27T17:02:30.163126
1307,aburi,Weija,2025-07-27T17:02:30.163169
1308,accra central police station,Weija,2025-07-27T17:02:30.163175
1309,altico,Weija,2025-07-27T17:02:30.163250
1310,amanfo,Weija,2025-07-27T17:02:30.163255
1311,amasaman,Weija,2025-07-27T17:02:30.163282
1312,antie aku,Weija,2025-07-27T17:02:30.163292
1313,anyaa,Weija,2025-07-27T17:02:30.163299
1314,anyaa market,Weija,2025-07-27T17:02:30.163337
1315,anyaa nic,Weija,2025-07-27T17:02:30.163370
1316,apam,Weija,2025-07-27T17:02:30.163416
1317,apleku,Weija,2025-07-27T17:02:30.163470
1318,awoshie,Weija,2025-07-27T17:02:30.163508
1319,awoshie A LANE,Weija,2025-07-27T17:02:30.163551
1320,awoshie fan milk,Weija,2025-07-27T17:02:30.163639
1321,awoshieb,Weija,2025-07-27T17:02:30.163591
1322,awutu breku,Weija,2025-07-27T17:02:30.163781
1323,barrier old,Weija,2025-07-27T17:02:30.163832
1324,bawe,Weija,2025-07-27T17:02:30.163834
1325,"been to
kwashieman",Weija,2025-07-27T17:02:30.163843
1326,behind westhills mall,Weija,2025-07-27T17:02:30.163848
1327,bortainor,Weija,2025-07-27T17:02:30.163872
1328,broadcasting,Weija,2025-07-27T17:02:30.163917
1329,bubiashie,Weija,2025-07-27T17:02:30.163927
1330,bubueshie,Weija,2025-07-27T17:02:30.163936
1331,choice,Weija,2025-07-27T17:02:30.163960
1332,dankuman,Weija,2025-07-27T17:02:30.163975
1333,dansoman,Weija,2025-07-27T17:02:30.163979
1334,dansoman Ebeneezer down,Weija,2025-07-27T17:02:30.163992
1335,empire cement wejia,Weija,2025-07-27T17:02:30.164043
1336,fertey,Weija,2025-07-27T17:02:30.164057
1337,gbawe,Weija,2025-07-27T17:02:30.164080
1338,gbawe,Weija,2025-07-27T17:02:30.164082
1339,"gbawe
top base",Weija,2025-07-27T17:02:30.164254
1340,gbawe  top base,Weija,2025-07-27T17:02:30.164256
1341,gbawe cp,Weija,2025-07-27T17:02:30.164173
1342,gbawe palace,Weija,2025-07-27T17:02:30.164244
1343,gbawe top base,Weija,2025-07-27T17:02:30.164257
1344,gbawe zero,Weija,2025-07-27T17:02:30.164267
1345,gbewe near the palace,Weija,2025-07-27T17:02:30.164300
1346,gbewe old town,Weija,2025-07-27T17:02:30.164302
1347,gbewe zero,Weija,2025-07-27T17:02:30.164303
1348,hacho boshe,Weija,2025-07-27T17:02:30.164313
1349,juwulu,Weija,2025-07-27T17:02:30.164324
1350,kasao,Weija,2025-07-27T17:02:30.164344
1351,kaso tuba near maama Africa,Weija,2025-07-27T17:02:30.164622
1352,kasoa,Weija,2025-07-27T17:02:30.164347
1353,kasoa,Weija,2025-07-27T17:02:30.164349
1354,"kasoa
top hill",Weija,2025-07-27T17:02:30.164599
1355,kasoa - big apple,Weija,2025-07-27T17:02:30.164402
1356,kasoa block factory,Weija,2025-07-27T17:02:30.164410
1357,kasoa cp,Weija,2025-07-27T17:02:30.164429
1358,kasoa galelia,Weija,2025-07-27T17:02:30.164446
1359,kasoa galeliya,Weija,2025-07-27T17:02:30.164451
1360,kasoa kalabule junction,Weija,2025-07-27T17:02:30.164478
1361,kasoa new twon,Weija,2025-07-27T17:02:30.164513
1362,kasoa officia twon,Weija,2025-07-27T17:02:30.164556
1363,kasoa tuba,Weija,2025-07-27T17:02:30.164604
1364,kasoa-peace town,Weija,2025-07-27T17:02:30.164577
1365,kawsibu,Weija,2025-07-27T17:02:30.164625
1366,kokorbitey,Weija,2025-07-27T17:02:30.164634
1367,"kokoroko
mallam",Weija,2025-07-27T17:02:30.164636
1368,kokrobite,Weija,2025-07-27T17:02:30.164639
1369,kokrobite,Weija,2025-07-27T17:02:30.164641
1370,korkorbitey,Weija,2025-07-27T17:02:30.164658
1371,kwashibu,Weija,2025-07-27T17:02:30.164676
1372,kwashie near rett acadamy,Weija,2025-07-27T17:02:30.164727
1373,kwashieman,Weija,2025-07-27T17:02:30.164688
1374,kwashiman,Weija,2025-07-27T17:02:30.164728
1375,liberia camp kasoa,Weija,2025-07-27T17:02:30.164767
1376,maccarthy,Weija,2025-07-27T17:02:30.164779
1377,mail 11,Weija,2025-07-27T17:02:30.164789
1378,malla,Weija,2025-07-27T17:02:30.164791
1379,malla cp,Weija,2025-07-27T17:02:30.164794
1380,mallam,Weija,2025-07-27T17:02:30.164796
1381,mallam,Weija,2025-07-27T17:02:30.164798
1382,mallam  government school,Weija,2025-07-27T17:02:30.164845
1383,mallam bola raod,Weija,2025-07-27T17:02:30.164825
1384,mallam bola road,Weija,2025-07-27T17:02:30.164829
1385,mallam junction,Weija,2025-07-27T17:02:30.164858
1386,mallam jut,Weija,2025-07-27T17:02:30.164865
1387,mallam station,Weija,2025-07-27T17:02:30.164894
1388,mangoase,Weija,2025-07-27T17:02:30.164906
1389,mantaheko,Weija,2025-07-27T17:02:30.164912
1390,mataheko,Weija,2025-07-27T17:02:30.164916
1391,mc catrthy,Weija,2025-07-27T17:02:30.165042
1392,mccarthy,Weija,2025-07-27T17:02:30.164935
1393,mccarthy Assembles of God Church,Weija,2025-07-27T17:02:30.164957
1394,mccarthy down,Weija,2025-07-27T17:02:30.164963
1395,mccharty hill,Weija,2025-07-27T17:02:30.165049
1396,mile 11 near finny hospital,Weija,2025-07-27T17:02:30.165075
1397,nan,Weija,2025-07-27T17:02:30.165080
1398,new bortiano,Weija,2025-07-27T17:02:30.165090
1399,new bortianor,Weija,2025-07-27T17:02:30.165096
1400,"new bortianor ,broadcasting",Weija,2025-07-27T17:02:30.165134
1401,new bortianor red top,Weija,2025-07-27T17:02:30.165144
1402,new gbawe,Weija,2025-07-27T17:02:30.165152
1403,nsufa,Weija,2025-07-27T17:02:30.165239
1404,oblogo,Weija,2025-07-27T17:02:30.165253
1405,oblogo school,Weija,2025-07-27T17:02:30.165274
1406,odokor,Weija,2025-07-27T17:02:30.165294
1407,odorkor,Weija,2025-07-27T17:02:30.165302
1408,odorkor,Weija,2025-07-27T17:02:30.165304
1409,odorkor tipper,Weija,2025-07-27T17:02:30.165369
1410,old barrier,Weija,2025-07-27T17:02:30.165403
1411,old barriewr weija,Weija,2025-07-27T17:02:30.165428
1412,old bortinor,Weija,2025-07-27T17:02:30.165437
1413,oyebi,Weija,2025-07-27T17:02:30.165464
1414,palace town,Weija,2025-07-27T17:02:30.165466
1415,papase,Weija,2025-07-27T17:02:30.165474
1416,pokuase white house,Weija,2025-07-27T17:02:30.165479
1417,santa maria-drug store,Weija,2025-07-27T17:02:30.165531
1418,scc,Weija,2025-07-27T17:02:30.165555
1419,scc red top,Weija,2025-07-27T17:02:30.165597
1420,south mc carthy,Weija,2025-07-27T17:02:30.165615
1421,sowutum amangoase,Weija,2025-07-27T17:02:30.165640
1422,sowutuom,Weija,2025-07-27T17:02:30.165644
1423,"sowutuom
abpotro",Weija,2025-07-27T17:02:30.165651
1424,tabola,Weija,2025-07-27T17:02:30.165687
1425,tabora,Weija,2025-07-27T17:02:30.165688
1426,tetegu,Weija,2025-07-27T17:02:30.165715
1427,tuba,Weija,2025-07-27T17:02:30.165773
1428,tuba,Weija,2025-07-27T17:02:30.165775
1429,upper weija,Weija,2025-07-27T17:02:30.165816
1430,"upper weija
station",Weija,2025-07-27T17:02:30.165826
1431,weiija choice,Weija,2025-07-27T17:02:30.165835
1432,weija,Weija,2025-07-27T17:02:30.165837
1433,weija,Weija,2025-07-27T17:02:30.165838
1434,weija near the police station,Weija,2025-07-27T17:02:30.165933
1435,weija old barrier,Weija,2025-07-27T17:02:30.165958
1436,weija scc,Weija,2025-07-27T17:02:30.165983
1437,weija sch jut,Weija,2025-07-27T17:02:30.165992
1438,whitecross,Weija,2025-07-27T17:02:30.166120
